run_id,game_id,ply,rank,uci,cp,prob,delta_to_best_cp,is_best,is_played
2025-08-20T05-00-23Z,Magnus Carlsen_vs_Arjun Erigaisi_2024.08.08__1,1,1,e2e4,40,0.1319261473844314,0,True,False
2025-08-20T05-00-23Z,Magnus Carlsen_vs_Arjun Erigaisi_2024.08.08__1,1,2,d2d4,21,0.10909753258551376,-19,False,True
2025-08-20T05-00-23Z,Magnus Carlsen_vs_Arjun Erigaisi_2024.08.08__1,1,3,g1f3,18,0.10587321321877466,-22,False,False
2025-08-20T05-00-23Z,Magnus Carlsen_vs_Arjun Erigaisi_2024.08.08__1,1,4,c2c4,16,0.10377678313576615,-24,False,False
2025-08-20T05-00-23Z,Magnus Carlsen_vs_Arjun Erigaisi_2024.08.08__1,1,5,e2e3,13,0.10070971568013641,-27,False,False
2025-08-20T05-00-23Z,Magnus Carlsen_vs_Arjun Erigaisi_2024.08.08__1,1,6,b1c3,5,0.09296678478428441,-35,False,False
2025-08-20T05-00-23Z,Magnus Carlsen_vs_Arjun Erigaisi_2024.08.08__1,1,7,g2g3,3,0.09112591910715022,-37,False,False
2025-08-20T05-00-23Z,Magnus Carlsen_vs_Arjun Erigaisi_2024.08.08__1,1,8,c2c3,3,0.09112591910715022,-37,False,False
2025-08-20T05-00-23Z,Magnus Carlsen_vs_Arjun Erigaisi_2024.08.08__1,1,9,a2a3,0,0.0884327411880366,-40,False,False
2025-08-20T05-00-23Z,Magnus Carlsen_vs_Arjun Erigaisi_2024.08.08__1,1,10,d2d3,-4,0.08496524380875624,-44,False,False
2025-08-20T05-00-23Z,Magnus Carlsen_vs_Arjun Erigaisi_2024.08.08__1,2,1,d7d5,-15,0.14172600088666285,0,True,False
2025-08-20T05-00-23Z,Magnus Carlsen_vs_Arjun Erigaisi_2024.08.08__1,2,2,g8f6,-19,0.13616884490519846,-4,False,True
2025-08-20T05-00-23Z,Magnus Carlsen_vs_Arjun Erigaisi_2024.08.08__1,2,3,e7e6,-38,0.11260607005287095,-23,False,False
2025-08-20T05-00-23Z,Magnus Carlsen_vs_Arjun Erigaisi_2024.08.08__1,2,4,d7d6,-48,0.10189018568181614,-33,False,False
2025-08-20T05-00-23Z,Magnus Carlsen_vs_Arjun Erigaisi_2024.08.08__1,2,5,f7f5,-49,0.10087636139495394,-34,False,False
2025-08-20T05-00-23Z,Magnus Carlsen_vs_Arjun Erigaisi_2024.08.08__1,2,6,g7g6,-66,0.08510583693518432,-51,False,False
2025-08-20T05-00-23Z,Magnus Carlsen_vs_Arjun Erigaisi_2024.08.08__1,2,7,c7c5,-68,0.08342062845452873,-53,False,False
2025-08-20T05-00-23Z,Magnus Carlsen_vs_Arjun Erigaisi_2024.08.08__1,2,8,a7a6,-70,0.08176878933754482,-55,False,False
2025-08-20T05-00-23Z,Magnus Carlsen_vs_Arjun Erigaisi_2024.08.08__1,2,9,c7c6,-71,0.08095517628950699,-56,False,False
2025-08-20T05-00-23Z,Magnus Carlsen_vs_Arjun Erigaisi_2024.08.08__1,2,10,h7h6,-78,0.07548210606173288,-63,False,False
2025-08-20T05-00-23Z,Magnus Carlsen_vs_Arjun Erigaisi_2024.08.08__1,3,1,c2c4,18,0.10860385956621049,0,True,True
2025-08-20T05-00-23Z,Magnus Carlsen_vs_Arjun Erigaisi_2024.08.08__1,3,2,g1f3,18,0.10860385956621049,0,False,False
2025-08-20T05-00-23Z,Magnus Carlsen_vs_Arjun Erigaisi_2024.08.08__1,3,3,c1f4,12,0.10227926314982147,-6,False,False
2025-08-20T05-00-23Z,Magnus Carlsen_vs_Arjun Erigaisi_2024.08.08__1,3,4,e2e3,11,0.10126156747746816,-7,False,False
2025-08-20T05-00-23Z,Magnus Carlsen_vs_Arjun Erigaisi_2024.08.08__1,3,5,c1g5,11,0.10126156747746816,-7,False,False
2025-08-20T05-00-23Z,Magnus Carlsen_vs_Arjun Erigaisi_2024.08.08__1,3,6,c2c3,8,0.09826883587862985,-10,False,False
2025-08-20T05-00-23Z,Magnus Carlsen_vs_Arjun Erigaisi_2024.08.08__1,3,7,g2g3,8,0.09826883587862985,-10,False,False
2025-08-20T05-00-23Z,Magnus Carlsen_vs_Arjun Erigaisi_2024.08.08__1,3,8,a2a3,6,0.09632298255563225,-12,False,False
2025-08-20T05-00-23Z,Magnus Carlsen_vs_Arjun Erigaisi_2024.08.08__1,3,9,b1c3,4,0.09441565970998048,-14,False,False
2025-08-20T05-00-23Z,Magnus Carlsen_vs_Arjun Erigaisi_2024.08.08__1,3,10,b1d2,0,0.09071356873994874,-18,False,False
2025-08-20T05-00-23Z,Magnus Carlsen_vs_Arjun Erigaisi_2024.08.08__1,4,1,e7e6,-21,0.13724453220696256,0,True,True
2025-08-20T05-00-23Z,Magnus Carlsen_vs_Arjun Erigaisi_2024.08.08__1,4,2,c7c6,-39,0.11463626943155075,-18,False,False
2025-08-20T05-00-23Z,Magnus Carlsen_vs_Arjun Erigaisi_2024.08.08__1,4,3,d7d5,-41,0.1123663192096418,-20,False,False
2025-08-20T05-00-23Z,Magnus Carlsen_vs_Arjun Erigaisi_2024.08.08__1,4,4,g7g6,-48,0.10476966159664904,-27,False,False
2025-08-20T05-00-23Z,Magnus Carlsen_vs_Arjun Erigaisi_2024.08.08__1,4,5,c7c5,-59,0.09385623920174398,-38,False,False
2025-08-20T05-00-23Z,Magnus Carlsen_vs_Arjun Erigaisi_2024.08.08__1,4,6,d7d6,-61,0.09199776114711093,-40,False,False
2025-08-20T05-00-23Z,Magnus Carlsen_vs_Arjun Erigaisi_2024.08.08__1,4,7,a7a6,-63,0.09017608342358989,-42,False,False
2025-08-20T05-00-23Z,Magnus Carlsen_vs_Arjun Erigaisi_2024.08.08__1,4,8,b8c6,-64,0.08927881640167627,-43,False,False
2025-08-20T05-00-23Z,Magnus Carlsen_vs_Arjun Erigaisi_2024.08.08__1,4,9,b7b6,-70,0.08407962288747843,-49,False,False
2025-08-20T05-00-23Z,Magnus Carlsen_vs_Arjun Erigaisi_2024.08.08__1,4,10,h7h6,-73,0.08159469449359637,-52,False,False
2025-08-20T05-00-23Z,Magnus Carlsen_vs_Arjun Erigaisi_2024.08.08__1,5,1,b1c3,18,0.10840913182399008,0,True,False
2025-08-20T05-00-23Z,Magnus Carlsen_vs_Arjun Erigaisi_2024.08.08__1,5,2,g2g3,18,0.10840913182399008,0,False,False
2025-08-20T05-00-23Z,Magnus Carlsen_vs_Arjun Erigaisi_2024.08.08__1,5,3,g1f3,17,0.10733044293923302,-1,False,True
2025-08-20T05-00-23Z,Magnus Carlsen_vs_Arjun Erigaisi_2024.08.08__1,5,4,e2e3,12,0.10209587546849336,-6,False,False
2025-08-20T05-00-23Z,Magnus Carlsen_vs_Arjun Erigaisi_2024.08.08__1,5,5,c1g5,12,0.10209587546849336,-6,False,False
2025-08-20T05-00-23Z,Magnus Carlsen_vs_Arjun Erigaisi_2024.08.08__1,5,6,a2a3,9,0.09907848634212407,-9,False,False
2025-08-20T05-00-23Z,Magnus Carlsen_vs_Arjun Erigaisi_2024.08.08__1,5,7,d1c2,5,0.0951935633247105,-13,False,False
2025-08-20T05-00-23Z,Magnus Carlsen_vs_Arjun Erigaisi_2024.08.08__1,5,8,c1f4,5,0.0951935633247105,-13,False,False
2025-08-20T05-00-23Z,Magnus Carlsen_vs_Arjun Erigaisi_2024.08.08__1,5,9,h2h3,5,0.0951935633247105,-13,False,False
2025-08-20T05-00-23Z,Magnus Carlsen_vs_Arjun Erigaisi_2024.08.08__1,5,10,b1d2,-4,0.08700036615954439,-22,False,False
2025-08-20T05-00-23Z,Magnus Carlsen_vs_Arjun Erigaisi_2024.08.08__1,6,1,d7d5,-19,0.12030546846839749,0,True,True
2025-08-20T05-00-23Z,Magnus Carlsen_vs_Arjun Erigaisi_2024.08.08__1,6,2,f8b4,-28,0.10995091939193288,-9,False,False
2025-08-20T05-00-23Z,Magnus Carlsen_vs_Arjun Erigaisi_2024.08.08__1,6,3,b7b6,-29,0.10885688946455134,-10,False,False
2025-08-20T05-00-23Z,Magnus Carlsen_vs_Arjun Erigaisi_2024.08.08__1,6,4,f8e7,-35,0.1025175577340153,-16,False,False
2025-08-20T05-00-23Z,Magnus Carlsen_vs_Arjun Erigaisi_2024.08.08__1,6,5,h7h6,-39,0.09849778679853047,-20,False,False
2025-08-20T05-00-23Z,Magnus Carlsen_vs_Arjun Erigaisi_2024.08.08__1,6,6,a7a6,-40,0.0975177174445461,-21,False,False
2025-08-20T05-00-23Z,Magnus Carlsen_vs_Arjun Erigaisi_2024.08.08__1,6,7,f6e4,-43,0.0946356333359052,-24,False,False
2025-08-20T05-00-23Z,Magnus Carlsen_vs_Arjun Erigaisi_2024.08.08__1,6,8,c7c6,-44,0.09369399305096017,-25,False,False
2025-08-20T05-00-23Z,Magnus Carlsen_vs_Arjun Erigaisi_2024.08.08__1,6,9,a7a5,-47,0.09092491707662925,-28,False,False
2025-08-20T05-00-23Z,Magnus Carlsen_vs_Arjun Erigaisi_2024.08.08__1,6,10,c7c5,-56,0.08309911723453192,-37,False,False
2025-08-20T05-00-23Z,Magnus Carlsen_vs_Arjun Erigaisi_2024.08.08__1,7,1,b1c3,23,0.11591660862241347,0,True,False
2025-08-20T05-00-23Z,Magnus Carlsen_vs_Arjun Erigaisi_2024.08.08__1,7,2,c1g5,19,0.11137145338676799,-4,False,False
2025-08-20T05-00-23Z,Magnus Carlsen_vs_Arjun Erigaisi_2024.08.08__1,7,3,g2g3,15,0.10700451623705193,-8,False,True
2025-08-20T05-00-23Z,Magnus Carlsen_vs_Arjun Erigaisi_2024.08.08__1,7,4,c4d5,14,0.10593980351090342,-9,False,False
2025-08-20T05-00-23Z,Magnus Carlsen_vs_Arjun Erigaisi_2024.08.08__1,7,5,e2e3,13,0.10488568485338945,-10,False,False
2025-08-20T05-00-23Z,Magnus Carlsen_vs_Arjun Erigaisi_2024.08.08__1,7,6,d1c2,12,0.10384205485176586,-11,False,False
2025-08-20T05-00-23Z,Magnus Carlsen_vs_Arjun Erigaisi_2024.08.08__1,7,7,a2a3,2,0.09396017679562031,-21,False,False
2025-08-20T05-00-23Z,Magnus Carlsen_vs_Arjun Erigaisi_2024.08.08__1,7,8,b1d2,-2,0.09027594556611718,-25,False,False
2025-08-20T05-00-23Z,Magnus Carlsen_vs_Arjun Erigaisi_2024.08.08__1,7,9,c1f4,-6,0.08673617510941538,-29,False,False
2025-08-20T05-00-23Z,Magnus Carlsen_vs_Arjun Erigaisi_2024.08.08__1,7,10,d1b3,-14,0.08006758106655498,-37,False,False
2025-08-20T05-00-23Z,Magnus Carlsen_vs_Arjun Erigaisi_2024.08.08__1,8,1,f8b4,-32,0.10341725472608364,0,True,False
2025-08-20T05-00-23Z,Magnus Carlsen_vs_Arjun Erigaisi_2024.08.08__1,8,2,a7a6,-32,0.10341725472608364,0,False,False
2025-08-20T05-00-23Z,Magnus Carlsen_vs_Arjun Erigaisi_2024.08.08__1,8,3,d5c4,-34,0.10136945587953394,-2,False,True
2025-08-20T05-00-23Z,Magnus Carlsen_vs_Arjun Erigaisi_2024.08.08__1,8,4,f8e7,-34,0.10136945587953394,-2,False,False
2025-08-20T05-00-23Z,Magnus Carlsen_vs_Arjun Erigaisi_2024.08.08__1,8,5,c7c6,-34,0.10136945587953394,-2,False,False
2025-08-20T05-00-23Z,Magnus Carlsen_vs_Arjun Erigaisi_2024.08.08__1,8,6,a7a5,-36,0.09936220616694684,-4,False,False
2025-08-20T05-00-23Z,Magnus Carlsen_vs_Arjun Erigaisi_2024.08.08__1,8,7,c7c5,-36,0.09936220616694684,-4,False,False
2025-08-20T05-00-23Z,Magnus Carlsen_vs_Arjun Erigaisi_2024.08.08__1,8,8,h7h6,-36,0.09936220616694684,-4,False,False
2025-08-20T05-00-23Z,Magnus Carlsen_vs_Arjun Erigaisi_2024.08.08__1,8,9,b7b6,-38,0.0973947026616736,-6,False,False
2025-08-20T05-00-23Z,Magnus Carlsen_vs_Arjun Erigaisi_2024.08.08__1,8,10,b8d7,-42,0.09357580174671666,-10,False,False
2025-08-20T05-00-23Z,Magnus Carlsen_vs_Arjun Erigaisi_2024.08.08__1,9,1,f1g2,33,0.1624422790740247,0,True,True
2025-08-20T05-00-23Z,Magnus Carlsen_vs_Arjun Erigaisi_2024.08.08__1,9,2,d1a4,11,0.13036298254077178,-22,False,False
2025-08-20T05-00-23Z,Magnus Carlsen_vs_Arjun Erigaisi_2024.08.08__1,9,3,b1c3,7,0.1252513768815722,-26,False,False
2025-08-20T05-00-23Z,Magnus Carlsen_vs_Arjun Erigaisi_2024.08.08__1,9,4,c1g5,-8,0.10780485914019029,-41,False,False
2025-08-20T05-00-23Z,Magnus Carlsen_vs_Arjun Erigaisi_2024.08.08__1,9,5,d1c2,-26,0.09004618748518914,-59,False,False
2025-08-20T05-00-23Z,Magnus Carlsen_vs_Arjun Erigaisi_2024.08.08__1,9,6,e2e3,-33,0.08395850871728268,-66,False,False
2025-08-20T05-00-23Z,Magnus Carlsen_vs_Arjun Erigaisi_2024.08.08__1,9,7,f1h3,-35,0.08229601885749414,-68,False,False
2025-08-20T05-00-23Z,Magnus Carlsen_vs_Arjun Erigaisi_2024.08.08__1,9,8,c1f4,-40,0.07828239465651407,-73,False,False
2025-08-20T05-00-23Z,Magnus Carlsen_vs_Arjun Erigaisi_2024.08.08__1,9,9,b1d2,-42,0.07673229938559091,-75,False,False
2025-08-20T05-00-23Z,Magnus Carlsen_vs_Arjun Erigaisi_2024.08.08__1,9,10,c1e3,-62,0.06282309326137002,-95,False,False
2025-08-20T05-00-23Z,Magnus Carlsen_vs_Arjun Erigaisi_2024.08.08__1,10,1,c8d7,-40,0.10876615796842627,0,True,False
2025-08-20T05-00-23Z,Magnus Carlsen_vs_Arjun Erigaisi_2024.08.08__1,10,2,f8b4,-41,0.10768391661417617,-1,False,False
2025-08-20T05-00-23Z,Magnus Carlsen_vs_Arjun Erigaisi_2024.08.08__1,10,3,f8e7,-43,0.10555163220169075,-3,False,False
2025-08-20T05-00-23Z,Magnus Carlsen_vs_Arjun Erigaisi_2024.08.08__1,10,4,c7c6,-43,0.10555163220169075,-3,False,False
2025-08-20T05-00-23Z,Magnus Carlsen_vs_Arjun Erigaisi_2024.08.08__1,10,5,a7a6,-48,0.10040381835432534,-8,False,True
2025-08-20T05-00-23Z,Magnus Carlsen_vs_Arjun Erigaisi_2024.08.08__1,10,6,b8d7,-49,0.09940478366948147,-9,False,False
2025-08-20T05-00-23Z,Magnus Carlsen_vs_Arjun Erigaisi_2024.08.08__1,10,7,f6d5,-53,0.09550706635085911,-13,False,False
2025-08-20T05-00-23Z,Magnus Carlsen_vs_Arjun Erigaisi_2024.08.08__1,10,8,c7c5,-56,0.09268440596251225,-16,False,False
2025-08-20T05-00-23Z,Magnus Carlsen_vs_Arjun Erigaisi_2024.08.08__1,10,9,a7a5,-56,0.09268440596251225,-16,False,False
2025-08-20T05-00-23Z,Magnus Carlsen_vs_Arjun Erigaisi_2024.08.08__1,10,10,f8d6,-57,0.09176218071432564,-17,False,False
2025-08-20T05-00-23Z,Magnus Carlsen_vs_Arjun Erigaisi_2024.08.08__1,11,1,e1g1,40,0.16343354632632912,0,True,False
2025-08-20T05-00-23Z,Magnus Carlsen_vs_Arjun Erigaisi_2024.08.08__1,11,2,f3e5,38,0.16019734528288593,-2,False,True
2025-08-20T05-00-23Z,Magnus Carlsen_vs_Arjun Erigaisi_2024.08.08__1,11,3,b1c3,26,0.14208229943922648,-14,False,False
2025-08-20T05-00-23Z,Magnus Carlsen_vs_Arjun Erigaisi_2024.08.08__1,11,4,a2a4,-11,0.09814112199857028,-51,False,False
2025-08-20T05-00-23Z,Magnus Carlsen_vs_Arjun Erigaisi_2024.08.08__1,11,5,b2b3,-16,0.09335472299855438,-56,False,False
2025-08-20T05-00-23Z,Magnus Carlsen_vs_Arjun Erigaisi_2024.08.08__1,11,6,c1g5,-38,0.07491892008492,-78,False,False
2025-08-20T05-00-23Z,Magnus Carlsen_vs_Arjun Erigaisi_2024.08.08__1,11,7,c1f4,-46,0.06915887978402369,-86,False,False
2025-08-20T05-00-23Z,Magnus Carlsen_vs_Arjun Erigaisi_2024.08.08__1,11,8,f3d2,-49,0.06711492599162401,-89,False,False
2025-08-20T05-00-23Z,Magnus Carlsen_vs_Arjun Erigaisi_2024.08.08__1,11,9,d1c2,-49,0.06711492599162401,-89,False,False
2025-08-20T05-00-23Z,Magnus Carlsen_vs_Arjun Erigaisi_2024.08.08__1,11,10,e2e3,-53,0.0644833121022421,-93,False,False
2025-08-20T05-00-23Z,Magnus Carlsen_vs_Arjun Erigaisi_2024.08.08__1,12,1,f8b4,-41,0.12931736535664998,0,True,True
2025-08-20T05-00-23Z,Magnus Carlsen_vs_Arjun Erigaisi_2024.08.08__1,12,2,c7c5,-47,0.12178650826944934,-6,False,False
2025-08-20T05-00-23Z,Magnus Carlsen_vs_Arjun Erigaisi_2024.08.08__1,12,3,c7c6,-56,0.11130448785274207,-15,False,False
2025-08-20T05-00-23Z,Magnus Carlsen_vs_Arjun Erigaisi_2024.08.08__1,12,4,f8e7,-66,0.10071246540448996,-25,False,False
2025-08-20T05-00-23Z,Magnus Carlsen_vs_Arjun Erigaisi_2024.08.08__1,12,5,h7h6,-66,0.10071246540448996,-25,False,False
2025-08-20T05-00-23Z,Magnus Carlsen_vs_Arjun Erigaisi_2024.08.08__1,12,6,f6d5,-67,0.09971035963018413,-26,False,False
2025-08-20T05-00-23Z,Magnus Carlsen_vs_Arjun Erigaisi_2024.08.08__1,12,7,a6a5,-78,0.08932394379941186,-37,False,False
2025-08-20T05-00-23Z,Magnus Carlsen_vs_Arjun Erigaisi_2024.08.08__1,12,8,a8a7,-80,0.08755521120671067,-39,False,False
2025-08-20T05-00-23Z,Magnus Carlsen_vs_Arjun Erigaisi_2024.08.08__1,12,9,f8d6,-83,0.08496756365444866,-42,False,False
2025-08-20T05-00-23Z,Magnus Carlsen_vs_Arjun Erigaisi_2024.08.08__1,12,10,b8d7,-96,0.07460962942142332,-55,False,False
2025-08-20T05-00-23Z,Magnus Carlsen_vs_Arjun Erigaisi_2024.08.08__1,13,1,b1c3,45,0.37994420728132855,0,True,True
2025-08-20T05-00-23Z,Magnus Carlsen_vs_Arjun Erigaisi_2024.08.08__1,13,2,c1d2,25,0.31107200695505893,-20,False,False
2025-08-20T05-00-23Z,Magnus Carlsen_vs_Arjun Erigaisi_2024.08.08__1,13,3,e1f1,-19,0.20034170205848623,-64,False,False
2025-08-20T05-00-23Z,Magnus Carlsen_vs_Arjun Erigaisi_2024.08.08__1,13,4,b1d2,-81,0.10777270424061222,-126,False,False
2025-08-20T05-00-23Z,Magnus Carlsen_vs_Arjun Erigaisi_2024.08.08__1,13,5,d1d2,-563,0.0008693794645141572,-608,False,False
2025-08-20T05-00-23Z,Magnus Carlsen_vs_Arjun Erigaisi_2024.08.08__1,14,1,f6d5,-22,0.18235975950504235,0,True,True
2025-08-20T05-00-23Z,Magnus Carlsen_vs_Arjun Erigaisi_2024.08.08__1,14,2,e8g8,-57,0.12850675056717226,-35,False,False
2025-08-20T05-00-23Z,Magnus Carlsen_vs_Arjun Erigaisi_2024.08.08__1,14,3,b4e7,-79,0.10312908299523114,-57,False,False
2025-08-20T05-00-23Z,Magnus Carlsen_vs_Arjun Erigaisi_2024.08.08__1,14,4,c7c5,-80,0.10210293147413275,-58,False,False
2025-08-20T05-00-23Z,Magnus Carlsen_vs_Arjun Erigaisi_2024.08.08__1,14,5,b8d7,-96,0.08700637889092491,-74,False,False
2025-08-20T05-00-23Z,Magnus Carlsen_vs_Arjun Erigaisi_2024.08.08__1,14,6,c7c6,-96,0.08700637889092491,-74,False,False
2025-08-20T05-00-23Z,Magnus Carlsen_vs_Arjun Erigaisi_2024.08.08__1,14,7,a6a5,-100,0.08359480997728629,-78,False,False
2025-08-20T05-00-23Z,Magnus Carlsen_vs_Arjun Erigaisi_2024.08.08__1,14,8,b4d6,-107,0.07794328419903383,-85,False,False
2025-08-20T05-00-23Z,Magnus Carlsen_vs_Arjun Erigaisi_2024.08.08__1,14,9,b4f8,-109,0.07639990376506434,-87,False,False
2025-08-20T05-00-23Z,Magnus Carlsen_vs_Arjun Erigaisi_2024.08.08__1,14,10,b4c3,-115,0.07195071973518731,-93,False,False
2025-08-20T05-00-23Z,Magnus Carlsen_vs_Arjun Erigaisi_2024.08.08__1,15,1,e1g1,55,0.2803032181619592,0,True,True
2025-08-20T05-00-23Z,Magnus Carlsen_vs_Arjun Erigaisi_2024.08.08__1,15,2,c1d2,12,0.18233979269456838,-43,False,False
2025-08-20T05-00-23Z,Magnus Carlsen_vs_Arjun Erigaisi_2024.08.08__1,15,3,d1c2,-3,0.1569413139919065,-58,False,False
2025-08-20T05-00-23Z,Magnus Carlsen_vs_Arjun Erigaisi_2024.08.08__1,15,4,a2a3,-39,0.10949423935463341,-94,False,False
2025-08-20T05-00-23Z,Magnus Carlsen_vs_Arjun Erigaisi_2024.08.08__1,15,5,d1a4,-71,0.0795091364724833,-126,False,False
2025-08-20T05-00-23Z,Magnus Carlsen_vs_Arjun Erigaisi_2024.08.08__1,15,6,d1d2,-84,0.06981660945292692,-139,False,False
2025-08-20T05-00-23Z,Magnus Carlsen_vs_Arjun Erigaisi_2024.08.08__1,15,7,e1f1,-103,0.05773548288805441,-158,False,False
2025-08-20T05-00-23Z,Magnus Carlsen_vs_Arjun Erigaisi_2024.08.08__1,15,8,a1b1,-189,0.024431467162529853,-244,False,False
2025-08-20T05-00-23Z,Magnus Carlsen_vs_Arjun Erigaisi_2024.08.08__1,15,9,e5c4,-197,0.022553086703939636,-252,False,False
2025-08-20T05-00-23Z,Magnus Carlsen_vs_Arjun Erigaisi_2024.08.08__1,15,10,g2d5,-226,0.016875653116998568,-281,False,False
2025-08-20T05-00-23Z,Magnus Carlsen_vs_Arjun Erigaisi_2024.08.08__1,16,1,d5c3,-29,0.2130231375584743,0,True,True
2025-08-20T05-00-23Z,Magnus Carlsen_vs_Arjun Erigaisi_2024.08.08__1,16,2,e8g8,-85,0.12168074698291342,-56,False,False
2025-08-20T05-00-23Z,Magnus Carlsen_vs_Arjun Erigaisi_2024.08.08__1,16,3,b7b5,-94,0.11120782931478247,-65,False,False
2025-08-20T05-00-23Z,Magnus Carlsen_vs_Arjun Erigaisi_2024.08.08__1,16,4,c7c6,-104,0.10062500514257149,-75,False,False
2025-08-20T05-00-23Z,Magnus Carlsen_vs_Arjun Erigaisi_2024.08.08__1,16,5,b4e7,-114,0.09104926984305953,-85,False,False
2025-08-20T05-00-23Z,Magnus Carlsen_vs_Arjun Erigaisi_2024.08.08__1,16,6,b4c3,-115,0.09014331447110423,-86,False,False
2025-08-20T05-00-23Z,Magnus Carlsen_vs_Arjun Erigaisi_2024.08.08__1,16,7,a6a5,-119,0.08660874455402374,-90,False,False
2025-08-20T05-00-23Z,Magnus Carlsen_vs_Arjun Erigaisi_2024.08.08__1,16,8,d5b6,-148,0.06480616818349444,-119,False,False
2025-08-20T05-00-23Z,Magnus Carlsen_vs_Arjun Erigaisi_2024.08.08__1,16,9,b8d7,-154,0.06103215075271101,-125,False,False
2025-08-20T05-00-23Z,Magnus Carlsen_vs_Arjun Erigaisi_2024.08.08__1,16,10,b4d6,-156,0.05982363319686523,-127,False,False
2025-08-20T05-00-23Z,Magnus Carlsen_vs_Arjun Erigaisi_2024.08.08__1,17,1,b2c3,18,0.8290838502821599,0,True,True
2025-08-20T05-00-23Z,Magnus Carlsen_vs_Arjun Erigaisi_2024.08.08__1,17,2,c1g5,-260,0.05143512456217839,-278,False,False
2025-08-20T05-00-23Z,Magnus Carlsen_vs_Arjun Erigaisi_2024.08.08__1,17,3,d1d2,-326,0.026584312769708678,-344,False,False
2025-08-20T05-00-23Z,Magnus Carlsen_vs_Arjun Erigaisi_2024.08.08__1,17,4,d1c2,-336,0.0240544809268036,-354,False,False
2025-08-20T05-00-23Z,Magnus Carlsen_vs_Arjun Erigaisi_2024.08.08__1,17,5,e5f7,-345,0.021984140264517758,-363,False,False
2025-08-20T05-00-23Z,Magnus Carlsen_vs_Arjun Erigaisi_2024.08.08__1,17,6,d1e1,-387,0.014444609447169542,-405,False,False
2025-08-20T05-00-23Z,Magnus Carlsen_vs_Arjun Erigaisi_2024.08.08__1,17,7,a2a3,-396,0.013201379032831641,-414,False,False
2025-08-20T05-00-23Z,Magnus Carlsen_vs_Arjun Erigaisi_2024.08.08__1,17,8,g2b7,-431,0.009302854572298801,-449,False,False
2025-08-20T05-00-23Z,Magnus Carlsen_vs_Arjun Erigaisi_2024.08.08__1,17,9,e5c6,-494,0.004954624071165867,-512,False,False
2025-08-20T05-00-23Z,Magnus Carlsen_vs_Arjun Erigaisi_2024.08.08__1,17,10,g2c6,-494,0.004954624071165867,-512,False,False
2025-08-20T05-00-23Z,Magnus Carlsen_vs_Arjun Erigaisi_2024.08.08__1,18,1,b4c3,-18,0.6265626973350862,0,True,True
2025-08-20T05-00-23Z,Magnus Carlsen_vs_Arjun Erigaisi_2024.08.08__1,18,2,b4e7,-200,0.10151929154287517,-182,False,False
2025-08-20T05-00-23Z,Magnus Carlsen_vs_Arjun Erigaisi_2024.08.08__1,18,3,b4d6,-218,0.08479604010933992,-200,False,False
2025-08-20T05-00-23Z,Magnus Carlsen_vs_Arjun Erigaisi_2024.08.08__1,18,4,b4f8,-234,0.07225841890810376,-216,False,False
2025-08-20T05-00-23Z,Magnus Carlsen_vs_Arjun Erigaisi_2024.08.08__1,18,5,b4a5,-251,0.06096188573565,-233,False,False
2025-08-20T05-00-23Z,Magnus Carlsen_vs_Arjun Erigaisi_2024.08.08__1,18,6,f7f6,-278,0.04653705350670152,-260,False,False
2025-08-20T05-00-23Z,Magnus Carlsen_vs_Arjun Erigaisi_2024.08.08__1,18,7,a6a5,-561,0.0027462843287982402,-543,False,False
2025-08-20T05-00-23Z,Magnus Carlsen_vs_Arjun Erigaisi_2024.08.08__1,18,8,b8d7,-567,0.0025863531800004074,-549,False,False
2025-08-20T05-00-23Z,Magnus Carlsen_vs_Arjun Erigaisi_2024.08.08__1,18,9,b8c6,-657,0.0010515327323617817,-639,False,False
2025-08-20T05-00-23Z,Magnus Carlsen_vs_Arjun Erigaisi_2024.08.08__1,18,10,c8d7,-664,0.0009804426210829405,-646,False,False
2025-08-20T05-00-23Z,Magnus Carlsen_vs_Arjun Erigaisi_2024.08.08__1,19,1,a1b1,30,0.3335203154049778,0,True,True
2025-08-20T05-00-23Z,Magnus Carlsen_vs_Arjun Erigaisi_2024.08.08__1,19,2,c1a3,-32,0.17941539849692922,-62,False,False
2025-08-20T05-00-23Z,Magnus Carlsen_vs_Arjun Erigaisi_2024.08.08__1,19,3,c1g5,-84,0.10666614102868517,-114,False,False
2025-08-20T05-00-23Z,Magnus Carlsen_vs_Arjun Erigaisi_2024.08.08__1,19,4,d1a4,-98,0.09273108814149789,-128,False,False
2025-08-20T05-00-23Z,Magnus Carlsen_vs_Arjun Erigaisi_2024.08.08__1,19,5,e2e3,-98,0.09273108814149789,-128,False,False
2025-08-20T05-00-23Z,Magnus Carlsen_vs_Arjun Erigaisi_2024.08.08__1,19,6,c1f4,-155,0.05244178930230603,-185,False,False
2025-08-20T05-00-23Z,Magnus Carlsen_vs_Arjun Erigaisi_2024.08.08__1,19,7,c1e3,-181,0.04043532480391957,-211,False,False
2025-08-20T05-00-23Z,Magnus Carlsen_vs_Arjun Erigaisi_2024.08.08__1,19,8,c1d2,-188,0.03770164695306429,-218,False,False
2025-08-20T05-00-23Z,Magnus Carlsen_vs_Arjun Erigaisi_2024.08.08__1,19,9,e5f7,-193,0.03586291593389245,-223,False,False
2025-08-20T05-00-23Z,Magnus Carlsen_vs_Arjun Erigaisi_2024.08.08__1,19,10,g2b7,-216,0.028494291793229792,-246,False,False
2025-08-20T05-00-23Z,Magnus Carlsen_vs_Arjun Erigaisi_2024.08.08__1,20,1,c3d4,-60,0.23992215145336246,0,True,False
2025-08-20T05-00-23Z,Magnus Carlsen_vs_Arjun Erigaisi_2024.08.08__1,20,2,d8d4,-61,0.2375348861591442,-1,False,True
2025-08-20T05-00-23Z,Magnus Carlsen_vs_Arjun Erigaisi_2024.08.08__1,20,3,e8g8,-134,0.11447019710014437,-74,False,False
2025-08-20T05-00-23Z,Magnus Carlsen_vs_Arjun Erigaisi_2024.08.08__1,20,4,b8d7,-176,0.0752122789682526,-116,False,False
2025-08-20T05-00-23Z,Magnus Carlsen_vs_Arjun Erigaisi_2024.08.08__1,20,5,a6a5,-186,0.06805488430623398,-126,False,False
2025-08-20T05-00-23Z,Magnus Carlsen_vs_Arjun Erigaisi_2024.08.08__1,20,6,f7f6,-188,0.06670730730901527,-128,False,False
2025-08-20T05-00-23Z,Magnus Carlsen_vs_Arjun Erigaisi_2024.08.08__1,20,7,h7h6,-199,0.05975868296113148,-139,False,False
2025-08-20T05-00-23Z,Magnus Carlsen_vs_Arjun Erigaisi_2024.08.08__1,20,8,f7f5,-203,0.057415511486707003,-143,False,False
2025-08-20T05-00-23Z,Magnus Carlsen_vs_Arjun Erigaisi_2024.08.08__1,20,9,c7c6,-237,0.040866657142473777,-177,False,False
2025-08-20T05-00-23Z,Magnus Carlsen_vs_Arjun Erigaisi_2024.08.08__1,20,10,h7h5,-239,0.040057443113534826,-179,False,False
2025-08-20T05-00-23Z,Magnus Carlsen_vs_Arjun Erigaisi_2024.08.08__1,21,1,d1a4,52,0.30023200071207184,0,True,True
2025-08-20T05-00-23Z,Magnus Carlsen_vs_Arjun Erigaisi_2024.08.08__1,21,2,d1d4,38,0.2610091623492998,-14,False,False
2025-08-20T05-00-23Z,Magnus Carlsen_vs_Arjun Erigaisi_2024.08.08__1,21,3,c1f4,12,0.2012515285386881,-40,False,False
2025-08-20T05-00-23Z,Magnus Carlsen_vs_Arjun Erigaisi_2024.08.08__1,21,4,e5f3,-116,0.0559554317069758,-168,False,False
2025-08-20T05-00-23Z,Magnus Carlsen_vs_Arjun Erigaisi_2024.08.08__1,21,5,c1g5,-144,0.0422902055302685,-196,False,False
2025-08-20T05-00-23Z,Magnus Carlsen_vs_Arjun Erigaisi_2024.08.08__1,21,6,b1b7,-152,0.03903878001704135,-204,False,False
2025-08-20T05-00-23Z,Magnus Carlsen_vs_Arjun Erigaisi_2024.08.08__1,21,7,e5c4,-183,0.028632874378208585,-235,False,False
2025-08-20T05-00-23Z,Magnus Carlsen_vs_Arjun Erigaisi_2024.08.08__1,21,8,e5f7,-185,0.028065905478479043,-237,False,False
2025-08-20T05-00-23Z,Magnus Carlsen_vs_Arjun Erigaisi_2024.08.08__1,21,9,e5d3,-207,0.022523416728317546,-259,False,False
2025-08-20T05-00-23Z,Magnus Carlsen_vs_Arjun Erigaisi_2024.08.08__1,21,10,d1c2,-214,0.021000694560649527,-266,False,False
2025-08-20T05-00-23Z,Magnus Carlsen_vs_Arjun Erigaisi_2024.08.08__1,22,1,b7b5,-57,0.46548277346135575,0,True,False
2025-08-20T05-00-23Z,Magnus Carlsen_vs_Arjun Erigaisi_2024.08.08__1,22,2,c7c6,-129,0.22657479009281933,-72,False,False
2025-08-20T05-00-23Z,Magnus Carlsen_vs_Arjun Erigaisi_2024.08.08__1,22,3,b8d7,-145,0.1930743001139191,-88,False,True
2025-08-20T05-00-23Z,Magnus Carlsen_vs_Arjun Erigaisi_2024.08.08__1,22,4,e8f8,-304,0.03937279476088607,-247,False,False
2025-08-20T05-00-23Z,Magnus Carlsen_vs_Arjun Erigaisi_2024.08.08__1,22,5,c8d7,-308,0.037828965396171255,-251,False,False
2025-08-20T05-00-23Z,Magnus Carlsen_vs_Arjun Erigaisi_2024.08.08__1,22,6,e8e7,-340,0.027469466795923724,-283,False,False
2025-08-20T05-00-23Z,Magnus Carlsen_vs_Arjun Erigaisi_2024.08.08__1,22,7,d4d7,-547,0.0034662561406642433,-490,False,False
2025-08-20T05-00-23Z,Magnus Carlsen_vs_Arjun Erigaisi_2024.08.08__1,22,8,b8c6,-547,0.0034662561406642433,-490,False,False
2025-08-20T05-00-23Z,Magnus Carlsen_vs_Arjun Erigaisi_2024.08.08__1,22,9,e8d8,-553,0.0032643970975961977,-496,False,False
2025-08-20T05-00-23Z,Magnus Carlsen_vs_Arjun Erigaisi_2024.08.08__1,23,1,g2b7,130,0.2235696985805248,0,True,False
2025-08-20T05-00-23Z,Magnus Carlsen_vs_Arjun Erigaisi_2024.08.08__1,23,2,c1f4,93,0.15442726609981394,-37,False,True
2025-08-20T05-00-23Z,Magnus Carlsen_vs_Arjun Erigaisi_2024.08.08__1,23,3,e5d7,92,0.15289068912845932,-38,False,False
2025-08-20T05-00-23Z,Magnus Carlsen_vs_Arjun Erigaisi_2024.08.08__1,23,4,e5c6,83,0.1397315687321077,-47,False,False
2025-08-20T05-00-23Z,Magnus Carlsen_vs_Arjun Erigaisi_2024.08.08__1,23,5,e5c4,50,0.10045634107118667,-80,False,False
2025-08-20T05-00-23Z,Magnus Carlsen_vs_Arjun Erigaisi_2024.08.08__1,23,6,f1d1,41,0.0918101828632004,-89,False,False
2025-08-20T05-00-23Z,Magnus Carlsen_vs_Arjun Erigaisi_2024.08.08__1,23,7,b1b7,2,0.06216071545646343,-128,False,False
2025-08-20T05-00-23Z,Magnus Carlsen_vs_Arjun Erigaisi_2024.08.08__1,23,8,e5f3,-17,0.051404371419176774,-147,False,False
2025-08-20T05-00-23Z,Magnus Carlsen_vs_Arjun Erigaisi_2024.08.08__1,23,9,e5f7,-144,0.014435972992145602,-274,False,False
2025-08-20T05-00-23Z,Magnus Carlsen_vs_Arjun Erigaisi_2024.08.08__1,23,10,a4c4,-190,0.009113193656921204,-320,False,False
2025-08-20T05-00-23Z,Magnus Carlsen_vs_Arjun Erigaisi_2024.08.08__1,24,1,d4c5,-96,0.3154599824334726,0,True,True
2025-08-20T05-00-23Z,Magnus Carlsen_vs_Arjun Erigaisi_2024.08.08__1,24,2,e8g8,-182,0.13349070305446872,-86,False,False
2025-08-20T05-00-23Z,Magnus Carlsen_vs_Arjun Erigaisi_2024.08.08__1,24,3,b7b5,-204,0.10712879855443838,-108,False,False
2025-08-20T05-00-23Z,Magnus Carlsen_vs_Arjun Erigaisi_2024.08.08__1,24,4,a8b8,-206,0.10500750621600716,-110,False,False
2025-08-20T05-00-23Z,Magnus Carlsen_vs_Arjun Erigaisi_2024.08.08__1,24,5,d4a7,-207,0.10396266407157263,-111,False,False
2025-08-20T05-00-23Z,Magnus Carlsen_vs_Arjun Erigaisi_2024.08.08__1,24,6,f7f6,-229,0.0834319922036954,-133,False,False
2025-08-20T05-00-23Z,Magnus Carlsen_vs_Arjun Erigaisi_2024.08.08__1,24,7,c7c6,-276,0.05214518437465423,-180,False,False
2025-08-20T05-00-23Z,Magnus Carlsen_vs_Arjun Erigaisi_2024.08.08__1,24,8,g7g5,-289,0.04578844814389413,-193,False,False
2025-08-20T05-00-23Z,Magnus Carlsen_vs_Arjun Erigaisi_2024.08.08__1,24,9,c7c5,-330,0.030387515064049225,-234,False,False
2025-08-20T05-00-23Z,Magnus Carlsen_vs_Arjun Erigaisi_2024.08.08__1,24,10,a8a7,-357,0.023197205883747404,-261,False,False
2025-08-20T05-00-23Z,Magnus Carlsen_vs_Arjun Erigaisi_2024.08.08__1,25,1,g2b7,170,0.35596315228526926,0,True,True
2025-08-20T05-00-23Z,Magnus Carlsen_vs_Arjun Erigaisi_2024.08.08__1,25,2,b1b7,114,0.20332937898154183,-56,False,False
2025-08-20T05-00-23Z,Magnus Carlsen_vs_Arjun Erigaisi_2024.08.08__1,25,3,e5c4,68,0.12835851160212702,-102,False,False
2025-08-20T05-00-23Z,Magnus Carlsen_vs_Arjun Erigaisi_2024.08.08__1,25,4,a4c4,33,0.09045271434004022,-137,False,False
2025-08-20T05-00-23Z,Magnus Carlsen_vs_Arjun Erigaisi_2024.08.08__1,25,5,f1d1,15,0.07555245782952878,-155,False,False
2025-08-20T05-00-23Z,Magnus Carlsen_vs_Arjun Erigaisi_2024.08.08__1,25,6,e5g4,12,0.07331954524927821,-158,False,False
2025-08-20T05-00-23Z,Magnus Carlsen_vs_Arjun Erigaisi_2024.08.08__1,25,7,e5f3,-85,0.027794195965456018,-255,False,False
2025-08-20T05-00-23Z,Magnus Carlsen_vs_Arjun Erigaisi_2024.08.08__1,25,8,e5d7,-117,0.020182728636553345,-287,False,False
2025-08-20T05-00-23Z,Magnus Carlsen_vs_Arjun Erigaisi_2024.08.08__1,25,9,e5f7,-153,0.014081011965239129,-323,False,False
2025-08-20T05-00-23Z,Magnus Carlsen_vs_Arjun Erigaisi_2024.08.08__1,25,10,e5c6,-178,0.010966303144966055,-348,False,False
2025-08-20T05-00-23Z,Magnus Carlsen_vs_Arjun Erigaisi_2024.08.08__1,26,1,c3e5,-252,0.4389074204001887,0,True,True
2025-08-20T05-00-23Z,Magnus Carlsen_vs_Arjun Erigaisi_2024.08.08__1,26,2,e8g8,-361,0.14756791394881863,-109,False,False
2025-08-20T05-00-23Z,Magnus Carlsen_vs_Arjun Erigaisi_2024.08.08__1,26,3,g7g5,-398,0.10193022426498798,-146,False,False
2025-08-20T05-00-23Z,Magnus Carlsen_vs_Arjun Erigaisi_2024.08.08__1,26,4,c7c6,-417,0.08429212998082716,-165,False,False
2025-08-20T05-00-23Z,Magnus Carlsen_vs_Arjun Erigaisi_2024.08.08__1,26,5,c5e7,-468,0.05061705138215557,-216,False,False
2025-08-20T05-00-23Z,Magnus Carlsen_vs_Arjun Erigaisi_2024.08.08__1,26,6,c5d6,-482,0.04400435047068143,-230,False,False
2025-08-20T05-00-23Z,Magnus Carlsen_vs_Arjun Erigaisi_2024.08.08__1,26,7,c3d4,-499,0.03712492226929044,-247,False,False
2025-08-20T05-00-23Z,Magnus Carlsen_vs_Arjun Erigaisi_2024.08.08__1,26,8,h7h6,-512,0.032599224617944934,-260,False,False
2025-08-20T05-00-23Z,Magnus Carlsen_vs_Arjun Erigaisi_2024.08.08__1,26,9,c3b2,-515,0.03163577192762923,-263,False,False
2025-08-20T05-00-23Z,Magnus Carlsen_vs_Arjun Erigaisi_2024.08.08__1,26,10,g7g6,-516,0.03132099073747592,-264,False,False
2025-08-20T05-00-23Z,Magnus Carlsen_vs_Arjun Erigaisi_2024.08.08__1,27,1,f4e3,250,0.7572122560238068,0,True,True
2025-08-20T05-00-23Z,Magnus Carlsen_vs_Arjun Erigaisi_2024.08.08__1,27,2,b7a8,98,0.1656113213383103,-152,False,False
2025-08-20T05-00-23Z,Magnus Carlsen_vs_Arjun Erigaisi_2024.08.08__1,27,3,f1d1,-50,0.037699378359641766,-300,False,False
2025-08-20T05-00-23Z,Magnus Carlsen_vs_Arjun Erigaisi_2024.08.08__1,27,4,b7c6,-180,0.010274279180620825,-430,False,False
2025-08-20T05-00-23Z,Magnus Carlsen_vs_Arjun Erigaisi_2024.08.08__1,27,5,f4e5,-182,0.010070834822027743,-432,False,False
2025-08-20T05-00-23Z,Magnus Carlsen_vs_Arjun Erigaisi_2024.08.08__1,27,6,b1d1,-216,0.007168121351763618,-466,False,False
2025-08-20T05-00-23Z,Magnus Carlsen_vs_Arjun Erigaisi_2024.08.08__1,27,7,b7e4,-277,0.0038948049661122423,-527,False,False
2025-08-20T05-00-23Z,Magnus Carlsen_vs_Arjun Erigaisi_2024.08.08__1,27,8,b7c8,-306,0.0029143406589658563,-556,False,False
2025-08-20T05-00-23Z,Magnus Carlsen_vs_Arjun Erigaisi_2024.08.08__1,27,9,f1c1,-312,0.0027446226713965928,-562,False,False
2025-08-20T05-00-23Z,Magnus Carlsen_vs_Arjun Erigaisi_2024.08.08__1,27,10,b7f3,-325,0.0024100406273543334,-575,False,False
2025-08-20T05-00-23Z,Magnus Carlsen_vs_Arjun Erigaisi_2024.08.08__1,28,1,e5d4,-228,0.23840175725731907,0,True,False
2025-08-20T05-00-23Z,Magnus Carlsen_vs_Arjun Erigaisi_2024.08.08__1,28,2,e8g8,-242,0.20725653100519742,-14,False,False
2025-08-20T05-00-23Z,Magnus Carlsen_vs_Arjun Erigaisi_2024.08.08__1,28,3,c5e7,-281,0.1403244591017109,-53,False,True
2025-08-20T05-00-23Z,Magnus Carlsen_vs_Arjun Erigaisi_2024.08.08__1,28,4,c5d6,-321,0.09406229788498506,-93,False,False
2025-08-20T05-00-23Z,Magnus Carlsen_vs_Arjun Erigaisi_2024.08.08__1,28,5,c5f8,-338,0.07935705129377033,-110,False,False
2025-08-20T05-00-23Z,Magnus Carlsen_vs_Arjun Erigaisi_2024.08.08__1,28,6,c5e3,-344,0.0747356563982989,-116,False,False
2025-08-20T05-00-23Z,Magnus Carlsen_vs_Arjun Erigaisi_2024.08.08__1,28,7,c8b7,-345,0.07399202419227077,-117,False,False
2025-08-20T05-00-23Z,Magnus Carlsen_vs_Arjun Erigaisi_2024.08.08__1,28,8,e8f8,-403,0.04142801348412011,-175,False,False
2025-08-20T05-00-23Z,Magnus Carlsen_vs_Arjun Erigaisi_2024.08.08__1,28,9,e8e7,-422,0.034259274151821915,-194,False,False
2025-08-20T05-00-23Z,Magnus Carlsen_vs_Arjun Erigaisi_2024.08.08__1,28,10,e8d8,-497,0.01618293523050547,-269,False,False
2025-08-20T05-00-23Z,Magnus Carlsen_vs_Arjun Erigaisi_2024.08.08__1,29,1,b7a8,271,0.3804384151390304,0,True,True
2025-08-20T05-00-23Z,Magnus Carlsen_vs_Arjun Erigaisi_2024.08.08__1,29,2,b7h1,179,0.15161195239291872,-92,False,False
2025-08-20T05-00-23Z,Magnus Carlsen_vs_Arjun Erigaisi_2024.08.08__1,29,3,b7c6,162,0.12790967000939144,-109,False,False
2025-08-20T05-00-23Z,Magnus Carlsen_vs_Arjun Erigaisi_2024.08.08__1,29,4,b7g2,159,0.12412936795827748,-112,False,False
2025-08-20T05-00-23Z,Magnus Carlsen_vs_Arjun Erigaisi_2024.08.08__1,29,5,b7e4,158,0.12289426011048192,-113,False,False
2025-08-20T05-00-23Z,Magnus Carlsen_vs_Arjun Erigaisi_2024.08.08__1,29,6,b7f3,126,0.08923954864111015,-145,False,False
2025-08-20T05-00-23Z,Magnus Carlsen_vs_Arjun Erigaisi_2024.08.08__1,29,7,f1d1,-274,0.0016344793475042022,-545,False,False
2025-08-20T05-00-23Z,Magnus Carlsen_vs_Arjun Erigaisi_2024.08.08__1,29,8,e3f4,-327,0.0009620626667776085,-598,False,False
2025-08-20T05-00-23Z,Magnus Carlsen_vs_Arjun Erigaisi_2024.08.08__1,29,9,g3g4,-371,0.000619603396769154,-642,False,False
2025-08-20T05-00-23Z,Magnus Carlsen_vs_Arjun Erigaisi_2024.08.08__1,29,10,a4c4,-381,0.0005606403377389119,-652,False,False
2025-08-20T05-00-23Z,Magnus Carlsen_vs_Arjun Erigaisi_2024.08.08__1,30,1,e5d6,-294,0.13226302788121086,0,True,False
2025-08-20T05-00-23Z,Magnus Carlsen_vs_Arjun Erigaisi_2024.08.08__1,30,2,a6a5,-300,0.12456062876298903,-6,False,False
2025-08-20T05-00-23Z,Magnus Carlsen_vs_Arjun Erigaisi_2024.08.08__1,30,3,c4c3,-305,0.11848573521366512,-11,False,True
2025-08-20T05-00-23Z,Magnus Carlsen_vs_Arjun Erigaisi_2024.08.08__1,30,4,h7h5,-315,0.10721032672482514,-21,False,False
2025-08-20T05-00-23Z,Magnus Carlsen_vs_Arjun Erigaisi_2024.08.08__1,30,5,h7h6,-319,0.10300654968528208,-25,False,False
2025-08-20T05-00-23Z,Magnus Carlsen_vs_Arjun Erigaisi_2024.08.08__1,30,6,e8g8,-323,0.09896760510113808,-29,False,False
2025-08-20T05-00-23Z,Magnus Carlsen_vs_Arjun Erigaisi_2024.08.08__1,30,7,f7f5,-327,0.09508702979937106,-33,False,False
2025-08-20T05-00-23Z,Magnus Carlsen_vs_Arjun Erigaisi_2024.08.08__1,30,8,e7d8,-344,0.08022158155638126,-50,False,False
2025-08-20T05-00-23Z,Magnus Carlsen_vs_Arjun Erigaisi_2024.08.08__1,30,9,e7f6,-356,0.07115016014812674,-62,False,False
2025-08-20T05-00-23Z,Magnus Carlsen_vs_Arjun Erigaisi_2024.08.08__1,30,10,c7c5,-359,0.06904735512701066,-65,False,False
2025-08-20T05-00-23Z,Magnus Carlsen_vs_Arjun Erigaisi_2024.08.08__1,31,1,e3d4,300,0.19692856422589336,0,True,True
2025-08-20T05-00-23Z,Magnus Carlsen_vs_Arjun Erigaisi_2024.08.08__1,31,2,b1c1,234,0.10178279121968727,-66,False,False
2025-08-20T05-00-23Z,Magnus Carlsen_vs_Arjun Erigaisi_2024.08.08__1,31,3,a8e4,231,0.09877465513124585,-69,False,False
2025-08-20T05-00-23Z,Magnus Carlsen_vs_Arjun Erigaisi_2024.08.08__1,31,4,a8b7,230,0.09779183089132137,-70,False,False
2025-08-20T05-00-23Z,Magnus Carlsen_vs_Arjun Erigaisi_2024.08.08__1,31,5,a4a5,230,0.09779183089132137,-70,False,False
2025-08-20T05-00-23Z,Magnus Carlsen_vs_Arjun Erigaisi_2024.08.08__1,31,6,a4c4,224,0.092096878007715,-76,False,False
2025-08-20T05-00-23Z,Magnus Carlsen_vs_Arjun Erigaisi_2024.08.08__1,31,7,a8f3,212,0.08168260326288936,-88,False,False
2025-08-20T05-00-23Z,Magnus Carlsen_vs_Arjun Erigaisi_2024.08.08__1,31,8,f1d1,209,0.07926851750508576,-91,False,False
2025-08-20T05-00-23Z,Magnus Carlsen_vs_Arjun Erigaisi_2024.08.08__1,31,9,f1c1,208,0.07847978257745318,-92,False,False
2025-08-20T05-00-23Z,Magnus Carlsen_vs_Arjun Erigaisi_2024.08.08__1,31,10,a4e4,204,0.07540254628738752,-96,False,False
2025-08-20T05-00-23Z,Magnus Carlsen_vs_Arjun Erigaisi_2024.08.08__1,32,1,e7d6,-293,0.16459090227289302,0,True,False
2025-08-20T05-00-23Z,Magnus Carlsen_vs_Arjun Erigaisi_2024.08.08__1,32,2,e8g8,-300,0.15346354009198937,-7,False,False
2025-08-20T05-00-23Z,Magnus Carlsen_vs_Arjun Erigaisi_2024.08.08__1,32,3,e7f6,-302,0.15042475839912603,-9,False,False
2025-08-20T05-00-23Z,Magnus Carlsen_vs_Arjun Erigaisi_2024.08.08__1,32,4,e7g5,-322,0.12315737572568991,-29,False,False
2025-08-20T05-00-23Z,Magnus Carlsen_vs_Arjun Erigaisi_2024.08.08__1,32,5,e5d4,-349,0.094015815205331,-56,False,False
2025-08-20T05-00-23Z,Magnus Carlsen_vs_Arjun Erigaisi_2024.08.08__1,32,6,c3c2,-352,0.0912372279489354,-59,False,True
2025-08-20T05-00-23Z,Magnus Carlsen_vs_Arjun Erigaisi_2024.08.08__1,32,7,f7f6,-373,0.07395545962139789,-80,False,False
2025-08-20T05-00-23Z,Magnus Carlsen_vs_Arjun Erigaisi_2024.08.08__1,32,8,e5f6,-400,0.05645608136923229,-107,False,False
2025-08-20T05-00-23Z,Magnus Carlsen_vs_Arjun Erigaisi_2024.08.08__1,32,9,a6a5,-405,0.05370268579042031,-112,False,False
2025-08-20T05-00-23Z,Magnus Carlsen_vs_Arjun Erigaisi_2024.08.08__1,32,10,h7h6,-437,0.038996153574984684,-144,False,False
2025-08-20T05-00-23Z,Magnus Carlsen_vs_Arjun Erigaisi_2024.08.08__1,33,1,b1b2,368,0.2908678958512744,0,True,False
2025-08-20T05-00-23Z,Magnus Carlsen_vs_Arjun Erigaisi_2024.08.08__1,33,2,b1c1,367,0.2879737119305245,-1,False,True
2025-08-20T05-00-23Z,Magnus Carlsen_vs_Arjun Erigaisi_2024.08.08__1,33,3,b1a1,300,0.14735861857188018,-68,False,False
2025-08-20T05-00-23Z,Magnus Carlsen_vs_Arjun Erigaisi_2024.08.08__1,33,4,b1e1,246,0.08587297744500852,-122,False,False
2025-08-20T05-00-23Z,Magnus Carlsen_vs_Arjun Erigaisi_2024.08.08__1,33,5,b1b3,244,0.08417257856449825,-124,False,False
2025-08-20T05-00-23Z,Magnus Carlsen_vs_Arjun Erigaisi_2024.08.08__1,33,6,b1b4,217,0.06425562046159573,-151,False,False
2025-08-20T05-00-23Z,Magnus Carlsen_vs_Arjun Erigaisi_2024.08.08__1,33,7,d4e5,76,0.015687578140555155,-292,False,False
2025-08-20T05-00-23Z,Magnus Carlsen_vs_Arjun Erigaisi_2024.08.08__1,33,8,b1b8,70,0.014774004710606383,-298,False,False
2025-08-20T05-00-23Z,Magnus Carlsen_vs_Arjun Erigaisi_2024.08.08__1,33,9,b1b7,-46,0.004631446313069613,-414,False,False
2025-08-20T05-00-23Z,Magnus Carlsen_vs_Arjun Erigaisi_2024.08.08__1,33,10,a4c2,-51,0.004405568010987162,-419,False,False
2025-08-20T05-00-23Z,Magnus Carlsen_vs_Arjun Erigaisi_2024.08.08__1,34,1,e5d6,-388,0.13202366330482146,0,True,False
2025-08-20T05-00-23Z,Magnus Carlsen_vs_Arjun Erigaisi_2024.08.08__1,34,2,e5d4,-390,0.12940941961648372,-2,False,False
2025-08-20T05-00-23Z,Magnus Carlsen_vs_Arjun Erigaisi_2024.08.08__1,34,3,e5f6,-396,0.12187320170652613,-8,False,False
2025-08-20T05-00-23Z,Magnus Carlsen_vs_Arjun Erigaisi_2024.08.08__1,34,4,e8g8,-409,0.10701630157016055,-21,False,True
2025-08-20T05-00-23Z,Magnus Carlsen_vs_Arjun Erigaisi_2024.08.08__1,34,5,e7g5,-417,0.098788497309257,-29,False,False
2025-08-20T05-00-23Z,Magnus Carlsen_vs_Arjun Erigaisi_2024.08.08__1,34,6,e7f6,-419,0.09683235400050164,-31,False,False
2025-08-20T05-00-23Z,Magnus Carlsen_vs_Arjun Erigaisi_2024.08.08__1,34,7,c7c6,-432,0.08502804761312283,-44,False,False
2025-08-20T05-00-23Z,Magnus Carlsen_vs_Arjun Erigaisi_2024.08.08__1,34,8,e7d6,-434,0.08334437946424665,-46,False,False
2025-08-20T05-00-23Z,Magnus Carlsen_vs_Arjun Erigaisi_2024.08.08__1,34,9,c7c5,-445,0.07466274010917912,-57,False,False
2025-08-20T05-00-23Z,Magnus Carlsen_vs_Arjun Erigaisi_2024.08.08__1,34,10,f7f6,-450,0.07102139530570084,-62,False,False
2025-08-20T05-00-23Z,Magnus Carlsen_vs_Arjun Erigaisi_2024.08.08__1,35,1,d4e5,399,0.35151380448341996,0,True,True
2025-08-20T05-00-23Z,Magnus Carlsen_vs_Arjun Erigaisi_2024.08.08__1,35,2,a8e4,289,0.11700878103323087,-110,False,False
2025-08-20T05-00-23Z,Magnus Carlsen_vs_Arjun Erigaisi_2024.08.08__1,35,3,a8f3,263,0.09021980616861489,-136,False,False
2025-08-20T05-00-23Z,Magnus Carlsen_vs_Arjun Erigaisi_2024.08.08__1,35,4,c1c2,252,0.0808219820456815,-147,False,False
2025-08-20T05-00-23Z,Magnus Carlsen_vs_Arjun Erigaisi_2024.08.08__1,35,5,a4c4,247,0.07688024746832067,-152,False,False
2025-08-20T05-00-23Z,Magnus Carlsen_vs_Arjun Erigaisi_2024.08.08__1,35,6,a8g2,240,0.07168266761230209,-159,False,False
2025-08-20T05-00-23Z,Magnus Carlsen_vs_Arjun Erigaisi_2024.08.08__1,35,7,d4a7,238,0.07026325569266763,-161,False,False
2025-08-20T05-00-23Z,Magnus Carlsen_vs_Arjun Erigaisi_2024.08.08__1,35,8,h2h4,219,0.05810484107564945,-180,False,False
2025-08-20T05-00-23Z,Magnus Carlsen_vs_Arjun Erigaisi_2024.08.08__1,35,9,f2f4,195,0.04570688685295015,-204,False,False
2025-08-20T05-00-23Z,Magnus Carlsen_vs_Arjun Erigaisi_2024.08.08__1,35,10,e2e3,176,0.037797727567162896,-223,False,False
2025-08-20T05-00-23Z,Magnus Carlsen_vs_Arjun Erigaisi_2024.08.08__1,36,1,d7e5,-389,0.2809175693998367,0,True,True
2025-08-20T05-00-23Z,Magnus Carlsen_vs_Arjun Erigaisi_2024.08.08__1,36,2,c7c5,-471,0.12372498987057397,-82,False,False
2025-08-20T05-00-23Z,Magnus Carlsen_vs_Arjun Erigaisi_2024.08.08__1,36,3,c7c6,-471,0.12372498987057397,-82,False,False
2025-08-20T05-00-23Z,Magnus Carlsen_vs_Arjun Erigaisi_2024.08.08__1,36,4,d7b6,-492,0.10028952762190824,-103,False,False
2025-08-20T05-00-23Z,Magnus Carlsen_vs_Arjun Erigaisi_2024.08.08__1,36,5,e7d8,-494,0.0983036619215556,-105,False,False
2025-08-20T05-00-23Z,Magnus Carlsen_vs_Arjun Erigaisi_2024.08.08__1,36,6,a6a5,-504,0.08894883163658028,-115,False,False
2025-08-20T05-00-23Z,Magnus Carlsen_vs_Arjun Erigaisi_2024.08.08__1,36,7,h7h6,-547,0.05786202394460855,-158,False,False
2025-08-20T05-00-23Z,Magnus Carlsen_vs_Arjun Erigaisi_2024.08.08__1,36,8,g7g6,-564,0.048816153819123735,-175,False,False
2025-08-20T05-00-23Z,Magnus Carlsen_vs_Arjun Erigaisi_2024.08.08__1,36,9,f8e8,-568,0.046902045049449434,-179,False,False
2025-08-20T05-00-23Z,Magnus Carlsen_vs_Arjun Erigaisi_2024.08.08__1,36,10,f7f6,-611,0.030510206865789542,-222,False,False
2025-08-20T05-00-23Z,Magnus Carlsen_vs_Arjun Erigaisi_2024.08.08__1,37,1,a4c2,386,0.19439220702979623,0,True,True
2025-08-20T05-00-23Z,Magnus Carlsen_vs_Arjun Erigaisi_2024.08.08__1,37,2,a4e4,362,0.15291432602385527,-24,False,False
2025-08-20T05-00-23Z,Magnus Carlsen_vs_Arjun Erigaisi_2024.08.08__1,37,3,a8e4,343,0.12645389861622033,-43,False,False
2025-08-20T05-00-23Z,Magnus Carlsen_vs_Arjun Erigaisi_2024.08.08__1,37,4,c1c2,310,0.0909107089001954,-76,False,False
2025-08-20T05-00-23Z,Magnus Carlsen_vs_Arjun Erigaisi_2024.08.08__1,37,5,a8h1,302,0.08392116144736737,-84,False,False
2025-08-20T05-00-23Z,Magnus Carlsen_vs_Arjun Erigaisi_2024.08.08__1,37,6,a4f4,297,0.07982827810701079,-89,False,False
2025-08-20T05-00-23Z,Magnus Carlsen_vs_Arjun Erigaisi_2024.08.08__1,37,7,a8g2,284,0.07009684626402203,-102,False,False
2025-08-20T05-00-23Z,Magnus Carlsen_vs_Arjun Erigaisi_2024.08.08__1,37,8,a4b3,284,0.07009684626402203,-102,False,False
2025-08-20T05-00-23Z,Magnus Carlsen_vs_Arjun Erigaisi_2024.08.08__1,37,9,a8c6,279,0.06667818273104072,-107,False,False
2025-08-20T05-00-23Z,Magnus Carlsen_vs_Arjun Erigaisi_2024.08.08__1,37,10,a4d4,276,0.06470754461646974,-110,False,False
2025-08-20T05-00-23Z,Magnus Carlsen_vs_Arjun Erigaisi_2024.08.08__1,38,1,a6a5,-409,0.13070510153677675,0,True,True
2025-08-20T05-00-23Z,Magnus Carlsen_vs_Arjun Erigaisi_2024.08.08__1,38,2,c8d7,-421,0.11592502573615844,-12,False,False
2025-08-20T05-00-23Z,Magnus Carlsen_vs_Arjun Erigaisi_2024.08.08__1,38,3,f8d8,-425,0.1113795404607623,-16,False,False
2025-08-20T05-00-23Z,Magnus Carlsen_vs_Arjun Erigaisi_2024.08.08__1,38,4,c7c6,-425,0.1113795404607623,-16,False,False
2025-08-20T05-00-23Z,Magnus Carlsen_vs_Arjun Erigaisi_2024.08.08__1,38,5,g7g5,-436,0.09977759431839164,-27,False,False
2025-08-20T05-00-23Z,Magnus Carlsen_vs_Arjun Erigaisi_2024.08.08__1,38,6,h7h5,-445,0.09118985503891945,-36,False,False
2025-08-20T05-00-23Z,Magnus Carlsen_vs_Arjun Erigaisi_2024.08.08__1,38,7,f7f5,-447,0.08938417492818422,-38,False,False
2025-08-20T05-00-23Z,Magnus Carlsen_vs_Arjun Erigaisi_2024.08.08__1,38,8,g7g6,-448,0.08849478752745528,-39,False,False
2025-08-20T05-00-23Z,Magnus Carlsen_vs_Arjun Erigaisi_2024.08.08__1,38,9,h7h6,-456,0.08169098493660615,-47,False,False
2025-08-20T05-00-23Z,Magnus Carlsen_vs_Arjun Erigaisi_2024.08.08__1,38,10,f8e8,-458,0.0800733950559835,-49,False,False
2025-08-20T05-00-23Z,Magnus Carlsen_vs_Arjun Erigaisi_2024.08.08__1,39,1,a8g2,418,0.13218644108445463,0,True,False
2025-08-20T05-00-23Z,Magnus Carlsen_vs_Arjun Erigaisi_2024.08.08__1,39,2,c2c3,415,0.12827974134608208,-3,False,False
2025-08-20T05-00-23Z,Magnus Carlsen_vs_Arjun Erigaisi_2024.08.08__1,39,3,f1e1,402,0.11264185475566611,-16,False,False
2025-08-20T05-00-23Z,Magnus Carlsen_vs_Arjun Erigaisi_2024.08.08__1,39,4,a8e4,399,0.10931278483825593,-19,False,True
2025-08-20T05-00-23Z,Magnus Carlsen_vs_Arjun Erigaisi_2024.08.08__1,39,5,a8c6,395,0.10502656923692649,-23,False,False
2025-08-20T05-00-23Z,Magnus Carlsen_vs_Arjun Erigaisi_2024.08.08__1,39,6,a8h1,393,0.10294690382799543,-25,False,False
2025-08-20T05-00-23Z,Magnus Carlsen_vs_Arjun Erigaisi_2024.08.08__1,39,7,c2e4,391,0.10090841855323925,-27,False,False
2025-08-20T05-00-23Z,Magnus Carlsen_vs_Arjun Erigaisi_2024.08.08__1,39,8,h2h3,361,0.07475479508441672,-57,False,False
2025-08-20T05-00-23Z,Magnus Carlsen_vs_Arjun Erigaisi_2024.08.08__1,39,9,f1d1,351,0.0676409357699909,-67,False,False
2025-08-20T05-00-23Z,Magnus Carlsen_vs_Arjun Erigaisi_2024.08.08__1,39,10,c2c7,349,0.06630155550297252,-69,False,False
2025-08-20T05-00-23Z,Magnus Carlsen_vs_Arjun Erigaisi_2024.08.08__1,40,1,f7f5,-353,0.19931272263771835,0,True,False
2025-08-20T05-00-23Z,Magnus Carlsen_vs_Arjun Erigaisi_2024.08.08__1,40,2,c8a6,-384,0.14618530975541058,-31,False,True
2025-08-20T05-00-23Z,Magnus Carlsen_vs_Arjun Erigaisi_2024.08.08__1,40,3,f7f6,-429,0.0932118688535988,-76,False,False
2025-08-20T05-00-23Z,Magnus Carlsen_vs_Arjun Erigaisi_2024.08.08__1,40,4,f8d8,-433,0.0895569791981891,-80,False,False
2025-08-20T05-00-23Z,Magnus Carlsen_vs_Arjun Erigaisi_2024.08.08__1,40,5,c7c6,-435,0.08778363219542559,-82,False,False
2025-08-20T05-00-23Z,Magnus Carlsen_vs_Arjun Erigaisi_2024.08.08__1,40,6,e7d6,-444,0.08022819901977887,-91,False,False
2025-08-20T05-00-23Z,Magnus Carlsen_vs_Arjun Erigaisi_2024.08.08__1,40,7,e7g5,-445,0.07942991510152726,-92,False,False
2025-08-20T05-00-23Z,Magnus Carlsen_vs_Arjun Erigaisi_2024.08.08__1,40,8,e7b4,-446,0.07863957424097762,-93,False,False
2025-08-20T05-00-23Z,Magnus Carlsen_vs_Arjun Erigaisi_2024.08.08__1,40,9,e5g4,-446,0.07863957424097762,-93,False,False
2025-08-20T05-00-23Z,Magnus Carlsen_vs_Arjun Erigaisi_2024.08.08__1,40,10,h7h6,-462,0.06701222475639633,-109,False,False
2025-08-20T05-00-23Z,Magnus Carlsen_vs_Arjun Erigaisi_2024.08.08__1,41,1,e4h7,427,0.16241397689081083,0,True,True
2025-08-20T05-00-23Z,Magnus Carlsen_vs_Arjun Erigaisi_2024.08.08__1,41,2,c2c5,400,0.12398349955214447,-27,False,False
2025-08-20T05-00-23Z,Magnus Carlsen_vs_Arjun Erigaisi_2024.08.08__1,41,3,f1e1,393,0.11560144875273143,-34,False,False
2025-08-20T05-00-23Z,Magnus Carlsen_vs_Arjun Erigaisi_2024.08.08__1,41,4,c2c3,387,0.10886934446627954,-40,False,False
2025-08-20T05-00-23Z,Magnus Carlsen_vs_Arjun Erigaisi_2024.08.08__1,41,5,c1b1,366,0.08824777549346775,-61,False,False
2025-08-20T05-00-23Z,Magnus Carlsen_vs_Arjun Erigaisi_2024.08.08__1,41,6,h2h3,366,0.08824777549346775,-61,False,False
2025-08-20T05-00-23Z,Magnus Carlsen_vs_Arjun Erigaisi_2024.08.08__1,41,7,f1d1,363,0.08563965957322725,-64,False,False
2025-08-20T05-00-23Z,Magnus Carlsen_vs_Arjun Erigaisi_2024.08.08__1,41,8,c2d2,358,0.08146296409027805,-69,False,False
2025-08-20T05-00-23Z,Magnus Carlsen_vs_Arjun Erigaisi_2024.08.08__1,41,9,e4g2,353,0.07748996844971753,-74,False,False
2025-08-20T05-00-23Z,Magnus Carlsen_vs_Arjun Erigaisi_2024.08.08__1,41,10,c2b2,340,0.0680435872378754,-87,False,False
2025-08-20T05-00-23Z,Magnus Carlsen_vs_Arjun Erigaisi_2024.08.08__1,42,1,g8h8,-408,1.0,0,True,True
2025-08-20T05-00-23Z,Magnus Carlsen_vs_Arjun Erigaisi_2024.08.08__1,43,1,h7e4,406,0.36315156236333923,0,True,True
2025-08-20T05-00-23Z,Magnus Carlsen_vs_Arjun Erigaisi_2024.08.08__1,43,2,c2e4,324,0.15994344344812403,-82,False,False
2025-08-20T05-00-23Z,Magnus Carlsen_vs_Arjun Erigaisi_2024.08.08__1,43,3,c2c5,308,0.13629481192018733,-98,False,False
2025-08-20T05-00-23Z,Magnus Carlsen_vs_Arjun Erigaisi_2024.08.08__1,43,4,h7d3,291,0.11498713750168346,-115,False,False
2025-08-20T05-00-23Z,Magnus Carlsen_vs_Arjun Erigaisi_2024.08.08__1,43,5,c2c3,273,0.09604533065060815,-133,False,False
2025-08-20T05-00-23Z,Magnus Carlsen_vs_Arjun Erigaisi_2024.08.08__1,43,6,f1e1,177,0.03677507383724523,-229,False,False
2025-08-20T05-00-23Z,Magnus Carlsen_vs_Arjun Erigaisi_2024.08.08__1,43,7,c2b2,170,0.03428885157243238,-236,False,False
2025-08-20T05-00-23Z,Magnus Carlsen_vs_Arjun Erigaisi_2024.08.08__1,43,8,f2f4,131,0.02321550267576255,-275,False,False
2025-08-20T05-00-23Z,Magnus Carlsen_vs_Arjun Erigaisi_2024.08.08__1,43,9,h2h4,122,0.02121737187712703,-284,False,False
2025-08-20T05-00-23Z,Magnus Carlsen_vs_Arjun Erigaisi_2024.08.08__1,43,10,a2a3,81,0.014080914153490666,-325,False,False
2025-08-20T05-00-23Z,Magnus Carlsen_vs_Arjun Erigaisi_2024.08.08__1,44,1,e7b4,-384,0.11736889733558807,0,True,False
2025-08-20T05-00-23Z,Magnus Carlsen_vs_Arjun Erigaisi_2024.08.08__1,44,2,f8b8,-386,0.11504483745582018,-2,False,False
2025-08-20T05-00-23Z,Magnus Carlsen_vs_Arjun Erigaisi_2024.08.08__1,44,3,f7f5,-391,0.109434034524878,-7,False,True
2025-08-20T05-00-23Z,Magnus Carlsen_vs_Arjun Erigaisi_2024.08.08__1,44,4,f7f6,-393,0.10726709545589107,-9,False,False
2025-08-20T05-00-23Z,Magnus Carlsen_vs_Arjun Erigaisi_2024.08.08__1,44,5,e7f6,-396,0.10409687368189098,-12,False,False
2025-08-20T05-00-23Z,Magnus Carlsen_vs_Arjun Erigaisi_2024.08.08__1,44,6,a6c4,-396,0.10409687368189098,-12,False,False
2025-08-20T05-00-23Z,Magnus Carlsen_vs_Arjun Erigaisi_2024.08.08__1,44,7,f8c8,-412,0.08870550435882366,-28,False,False
2025-08-20T05-00-23Z,Magnus Carlsen_vs_Arjun Erigaisi_2024.08.08__1,44,8,a5a4,-416,0.08522731178263813,-32,False,False
2025-08-20T05-00-23Z,Magnus Carlsen_vs_Arjun Erigaisi_2024.08.08__1,44,9,f8e8,-417,0.08437928586128943,-33,False,False
2025-08-20T05-00-23Z,Magnus Carlsen_vs_Arjun Erigaisi_2024.08.08__1,44,10,e7d6,-417,0.08437928586128943,-33,False,False
2025-08-20T05-00-23Z,Magnus Carlsen_vs_Arjun Erigaisi_2024.08.08__1,45,1,e4h1,422,0.2750374329441328,0,True,False
2025-08-20T05-00-23Z,Magnus Carlsen_vs_Arjun Erigaisi_2024.08.08__1,45,2,e4g2,418,0.2642530609442881,-4,False,True
2025-08-20T05-00-23Z,Magnus Carlsen_vs_Arjun Erigaisi_2024.08.08__1,45,3,c2c3,364,0.15399300944976133,-58,False,False
2025-08-20T05-00-23Z,Magnus Carlsen_vs_Arjun Erigaisi_2024.08.08__1,45,4,e4c6,336,0.11638541283996746,-86,False,False
2025-08-20T05-00-23Z,Magnus Carlsen_vs_Arjun Erigaisi_2024.08.08__1,45,5,f2f4,268,0.05896282780821181,-154,False,False
2025-08-20T05-00-23Z,Magnus Carlsen_vs_Arjun Erigaisi_2024.08.08__1,45,6,c2c5,245,0.04684794799224229,-177,False,False
2025-08-20T05-00-23Z,Magnus Carlsen_vs_Arjun Erigaisi_2024.08.08__1,45,7,e4d3,245,0.04684794799224229,-177,False,False
2025-08-20T05-00-23Z,Magnus Carlsen_vs_Arjun Erigaisi_2024.08.08__1,45,8,c2b2,121,0.01355705679178435,-301,False,False
2025-08-20T05-00-23Z,Magnus Carlsen_vs_Arjun Erigaisi_2024.08.08__1,45,9,e4f3,121,0.01355705679178435,-301,False,False
2025-08-20T05-00-23Z,Magnus Carlsen_vs_Arjun Erigaisi_2024.08.08__1,45,10,f1d1,96,0.01055824644558516,-326,False,False
2025-08-20T05-00-23Z,Magnus Carlsen_vs_Arjun Erigaisi_2024.08.08__1,46,1,f5f4,-358,0.1541286433658653,0,True,True
2025-08-20T05-00-23Z,Magnus Carlsen_vs_Arjun Erigaisi_2024.08.08__1,46,2,e7f6,-383,0.12003550814706919,-25,False,False
2025-08-20T05-00-23Z,Magnus Carlsen_vs_Arjun Erigaisi_2024.08.08__1,46,3,a6c4,-391,0.11080673971738576,-33,False,False
2025-08-20T05-00-23Z,Magnus Carlsen_vs_Arjun Erigaisi_2024.08.08__1,46,4,h8h7,-392,0.10970419423548511,-34,False,False
2025-08-20T05-00-23Z,Magnus Carlsen_vs_Arjun Erigaisi_2024.08.08__1,46,5,f8d8,-398,0.10331551931641746,-40,False,False
2025-08-20T05-00-23Z,Magnus Carlsen_vs_Arjun Erigaisi_2024.08.08__1,46,6,e7d6,-414,0.0880396780893038,-56,False,False
2025-08-20T05-00-23Z,Magnus Carlsen_vs_Arjun Erigaisi_2024.08.08__1,46,7,f8b8,-418,0.08458759293457327,-60,False,False
2025-08-20T05-00-23Z,Magnus Carlsen_vs_Arjun Erigaisi_2024.08.08__1,46,8,f8c8,-418,0.08458759293457327,-60,False,False
2025-08-20T05-00-23Z,Magnus Carlsen_vs_Arjun Erigaisi_2024.08.08__1,46,9,h8g8,-418,0.08458759293457327,-60,False,False
2025-08-20T05-00-23Z,Magnus Carlsen_vs_Arjun Erigaisi_2024.08.08__1,46,10,f8f7,-452,0.06020693832475342,-94,False,False
2025-08-20T05-00-23Z,Magnus Carlsen_vs_Arjun Erigaisi_2024.08.08__1,47,1,c2c3,424,0.20281328647365368,0,True,False
2025-08-20T05-00-23Z,Magnus Carlsen_vs_Arjun Erigaisi_2024.08.08__1,47,2,g3f4,408,0.1728260823883489,-16,False,False
2025-08-20T05-00-23Z,Magnus Carlsen_vs_Arjun Erigaisi_2024.08.08__1,47,3,c2e4,386,0.138696179894862,-38,False,True
2025-08-20T05-00-23Z,Magnus Carlsen_vs_Arjun Erigaisi_2024.08.08__1,47,4,c2c5,379,0.12931946097853297,-45,False,False
2025-08-20T05-00-23Z,Magnus Carlsen_vs_Arjun Erigaisi_2024.08.08__1,47,5,f1e1,369,0.11701308717361779,-55,False,False
2025-08-20T05-00-23Z,Magnus Carlsen_vs_Arjun Erigaisi_2024.08.08__1,47,6,f1d1,316,0.06887448462779804,-108,False,False
2025-08-20T05-00-23Z,Magnus Carlsen_vs_Arjun Erigaisi_2024.08.08__1,47,7,c2d1,290,0.053105780593667024,-134,False,False
2025-08-20T05-00-23Z,Magnus Carlsen_vs_Arjun Erigaisi_2024.08.08__1,47,8,g2e4,281,0.0485350290027239,-143,False,False
2025-08-20T05-00-23Z,Magnus Carlsen_vs_Arjun Erigaisi_2024.08.08__1,47,9,g2h1,251,0.035955633826533495,-173,False,False
2025-08-20T05-00-23Z,Magnus Carlsen_vs_Arjun Erigaisi_2024.08.08__1,47,10,c1e1,242,0.03286097504026201,-182,False,False
2025-08-20T05-00-23Z,Magnus Carlsen_vs_Arjun Erigaisi_2024.08.08__1,48,1,e7g5,-331,0.22426498949473084,0,True,True
2025-08-20T05-00-23Z,Magnus Carlsen_vs_Arjun Erigaisi_2024.08.08__1,48,2,e7f6,-334,0.2176369573864647,-3,False,False
2025-08-20T05-00-23Z,Magnus Carlsen_vs_Arjun Erigaisi_2024.08.08__1,48,3,e7d6,-416,0.09585420522337229,-85,False,False
2025-08-20T05-00-23Z,Magnus Carlsen_vs_Arjun Erigaisi_2024.08.08__1,48,4,e5g4,-435,0.07926751053634923,-104,False,False
2025-08-20T05-00-23Z,Magnus Carlsen_vs_Arjun Erigaisi_2024.08.08__1,48,5,f4f3,-436,0.078478785628223,-105,False,False
2025-08-20T05-00-23Z,Magnus Carlsen_vs_Arjun Erigaisi_2024.08.08__1,48,6,e5f7,-445,0.07172420956784847,-114,False,False
2025-08-20T05-00-23Z,Magnus Carlsen_vs_Arjun Erigaisi_2024.08.08__1,48,7,e5d7,-448,0.06960443882241571,-117,False,False
2025-08-20T05-00-23Z,Magnus Carlsen_vs_Arjun Erigaisi_2024.08.08__1,48,8,f4g3,-449,0.06891186308433683,-118,False,False
2025-08-20T05-00-23Z,Magnus Carlsen_vs_Arjun Erigaisi_2024.08.08__1,48,9,a6e2,-486,0.04759978962053243,-155,False,False
2025-08-20T05-00-23Z,Magnus Carlsen_vs_Arjun Erigaisi_2024.08.08__1,48,10,c7c5,-488,0.046657250635726566,-157,False,False
2025-08-20T05-00-23Z,Magnus Carlsen_vs_Arjun Erigaisi_2024.08.08__1,49,1,h2h3,385,0.16599236518405547,0,True,False
2025-08-20T05-00-23Z,Magnus Carlsen_vs_Arjun Erigaisi_2024.08.08__1,49,2,c1c3,379,0.15632572237610828,-6,False,False
2025-08-20T05-00-23Z,Magnus Carlsen_vs_Arjun Erigaisi_2024.08.08__1,49,3,f1d1,357,0.12545433081189056,-28,False,False
2025-08-20T05-00-23Z,Magnus Carlsen_vs_Arjun Erigaisi_2024.08.08__1,49,4,c1c7,337,0.10271331874251341,-48,False,True
2025-08-20T05-00-23Z,Magnus Carlsen_vs_Arjun Erigaisi_2024.08.08__1,49,5,a2a4,329,0.09481634352283494,-56,False,False
2025-08-20T05-00-23Z,Magnus Carlsen_vs_Arjun Erigaisi_2024.08.08__1,49,6,a2a3,325,0.09109854151577859,-60,False,False
2025-08-20T05-00-23Z,Magnus Carlsen_vs_Arjun Erigaisi_2024.08.08__1,49,7,c1d1,321,0.08752651661053955,-64,False,False
2025-08-20T05-00-23Z,Magnus Carlsen_vs_Arjun Erigaisi_2024.08.08__1,49,8,g1h1,295,0.06748745943241871,-90,False,False
2025-08-20T05-00-23Z,Magnus Carlsen_vs_Arjun Erigaisi_2024.08.08__1,49,9,f1e1,280,0.0580869946421453,-105,False,False
2025-08-20T05-00-23Z,Magnus Carlsen_vs_Arjun Erigaisi_2024.08.08__1,49,10,c1b1,266,0.05049840716171532,-119,False,False
2025-08-20T05-00-23Z,Magnus Carlsen_vs_Arjun Erigaisi_2024.08.08__1,50,1,f4f3,-285,0.2193734720866128,0,True,True
2025-08-20T05-00-23Z,Magnus Carlsen_vs_Arjun Erigaisi_2024.08.08__1,50,2,a6e2,-308,0.17429959507064105,-23,False,False
2025-08-20T05-00-23Z,Magnus Carlsen_vs_Arjun Erigaisi_2024.08.08__1,50,3,g5f6,-322,0.15152878840133888,-37,False,False
2025-08-20T05-00-23Z,Magnus Carlsen_vs_Arjun Erigaisi_2024.08.08__1,50,4,f4g3,-367,0.09661902126583254,-82,False,False
2025-08-20T05-00-23Z,Magnus Carlsen_vs_Arjun Erigaisi_2024.08.08__1,50,5,e5g4,-383,0.08233329886767347,-98,False,False
2025-08-20T05-00-23Z,Magnus Carlsen_vs_Arjun Erigaisi_2024.08.08__1,50,6,g5h5,-404,0.06673807498089117,-119,False,False
2025-08-20T05-00-23Z,Magnus Carlsen_vs_Arjun Erigaisi_2024.08.08__1,50,7,h8g8,-407,0.06476566678283126,-122,False,False
2025-08-20T05-00-23Z,Magnus Carlsen_vs_Arjun Erigaisi_2024.08.08__1,50,8,f8f5,-425,0.054096832185887476,-140,False,False
2025-08-20T05-00-23Z,Magnus Carlsen_vs_Arjun Erigaisi_2024.08.08__1,50,9,g5f5,-435,0.048948837959003,-150,False,False
2025-08-20T05-00-23Z,Magnus Carlsen_vs_Arjun Erigaisi_2024.08.08__1,50,10,e5g6,-452,0.04129641239928837,-167,False,False
2025-08-20T05-00-23Z,Magnus Carlsen_vs_Arjun Erigaisi_2024.08.08__1,51,1,f1e1,346,0.19867035883920042,0,True,False
2025-08-20T05-00-23Z,Magnus Carlsen_vs_Arjun Erigaisi_2024.08.08__1,51,2,g2f3,332,0.17271571258649487,-14,False,True
2025-08-20T05-00-23Z,Magnus Carlsen_vs_Arjun Erigaisi_2024.08.08__1,51,3,e2f3,330,0.16929571233651314,-16,False,False
2025-08-20T05-00-23Z,Magnus Carlsen_vs_Arjun Erigaisi_2024.08.08__1,51,4,h2h4,299,0.12416942491503842,-47,False,False
2025-08-20T05-00-23Z,Magnus Carlsen_vs_Arjun Erigaisi_2024.08.08__1,51,5,f1c1,287,0.11012840057256415,-59,False,False
2025-08-20T05-00-23Z,Magnus Carlsen_vs_Arjun Erigaisi_2024.08.08__1,51,6,c7c5,254,0.0791739208965145,-92,False,False
2025-08-20T05-00-23Z,Magnus Carlsen_vs_Arjun Erigaisi_2024.08.08__1,51,7,f1b1,239,0.0681456252404766,-107,False,False
2025-08-20T05-00-23Z,Magnus Carlsen_vs_Arjun Erigaisi_2024.08.08__1,51,8,f1a1,172,0.034870700974178985,-174,False,False
2025-08-20T05-00-23Z,Magnus Carlsen_vs_Arjun Erigaisi_2024.08.08__1,51,9,h2h3,130,0.022911683179806103,-216,False,False
2025-08-20T05-00-23Z,Magnus Carlsen_vs_Arjun Erigaisi_2024.08.08__1,51,10,c7a7,116,0.019918460459212736,-230,False,False
2025-08-20T05-00-23Z,Magnus Carlsen_vs_Arjun Erigaisi_2024.08.08__1,52,1,a6d3,-303,0.39100589913714806,0,True,True
2025-08-20T05-00-23Z,Magnus Carlsen_vs_Arjun Erigaisi_2024.08.08__1,52,2,a6b5,-421,0.12014779947246404,-118,False,False
2025-08-20T05-00-23Z,Magnus Carlsen_vs_Arjun Erigaisi_2024.08.08__1,52,3,f8f3,-457,0.08382427532146765,-154,False,False
2025-08-20T05-00-23Z,Magnus Carlsen_vs_Arjun Erigaisi_2024.08.08__1,52,4,f8e8,-468,0.07509264719946512,-165,False,False
2025-08-20T05-00-23Z,Magnus Carlsen_vs_Arjun Erigaisi_2024.08.08__1,52,5,h8g8,-472,0.07214822238723737,-169,False,False
2025-08-20T05-00-23Z,Magnus Carlsen_vs_Arjun Erigaisi_2024.08.08__1,52,6,e5f3,-482,0.06528241126075204,-179,False,False
2025-08-20T05-00-23Z,Magnus Carlsen_vs_Arjun Erigaisi_2024.08.08__1,52,7,f8d8,-493,0.05848221244184818,-190,False,False
2025-08-20T05-00-23Z,Magnus Carlsen_vs_Arjun Erigaisi_2024.08.08__1,52,8,g7g6,-517,0.0460037376835708,-214,False,False
2025-08-20T05-00-23Z,Magnus Carlsen_vs_Arjun Erigaisi_2024.08.08__1,52,9,g5f5,-518,0.04554599284545962,-215,False,False
2025-08-20T05-00-23Z,Magnus Carlsen_vs_Arjun Erigaisi_2024.08.08__1,52,10,a5a4,-525,0.04246680225058707,-222,False,False
2025-08-20T05-00-23Z,Magnus Carlsen_vs_Arjun Erigaisi_2024.08.08__1,53,1,e4b7,428,0.3152640899866846,0,True,True
2025-08-20T05-00-23Z,Magnus Carlsen_vs_Arjun Erigaisi_2024.08.08__1,53,2,e4a4,385,0.20508215777600836,-43,False,False
2025-08-20T05-00-23Z,Magnus Carlsen_vs_Arjun Erigaisi_2024.08.08__1,53,3,e4d4,354,0.15041688439672277,-74,False,False
2025-08-20T05-00-23Z,Magnus Carlsen_vs_Arjun Erigaisi_2024.08.08__1,53,4,h2h4,348,0.14165728697707547,-80,False,False
2025-08-20T05-00-23Z,Magnus Carlsen_vs_Arjun Erigaisi_2024.08.08__1,53,5,c7c8,302,0.08942592853550899,-126,False,False
2025-08-20T05-00-23Z,Magnus Carlsen_vs_Arjun Erigaisi_2024.08.08__1,53,6,e4e3,246,0.051080900922579116,-182,False,False
2025-08-20T05-00-23Z,Magnus Carlsen_vs_Arjun Erigaisi_2024.08.08__1,53,7,e2d3,219,0.03899411231654934,-209,False,False
2025-08-20T05-00-23Z,Magnus Carlsen_vs_Arjun Erigaisi_2024.08.08__1,53,8,e4h4,10,0.004823070066178124,-418,False,False
2025-08-20T05-00-23Z,Magnus Carlsen_vs_Arjun Erigaisi_2024.08.08__1,53,9,c7g7,-62,0.0023476402353652124,-490,False,False
2025-08-20T05-00-23Z,Magnus Carlsen_vs_Arjun Erigaisi_2024.08.08__1,53,10,c7f7,-157,0.0009079287873281082,-585,False,False
2025-08-20T05-00-23Z,Magnus Carlsen_vs_Arjun Erigaisi_2024.08.08__1,54,1,g5f5,-377,0.151413525764389,0,True,False
2025-08-20T05-00-23Z,Magnus Carlsen_vs_Arjun Erigaisi_2024.08.08__1,54,2,h8g8,-388,0.13564140492534002,-11,False,False
2025-08-20T05-00-23Z,Magnus Carlsen_vs_Arjun Erigaisi_2024.08.08__1,54,3,d3c4,-395,0.12647120767574727,-18,False,False
2025-08-20T05-00-23Z,Magnus Carlsen_vs_Arjun Erigaisi_2024.08.08__1,54,4,g5d2,-406,0.11329722496811065,-29,False,False
2025-08-20T05-00-23Z,Magnus Carlsen_vs_Arjun Erigaisi_2024.08.08__1,54,5,g5g6,-432,0.08735800497880514,-55,False,False
2025-08-20T05-00-23Z,Magnus Carlsen_vs_Arjun Erigaisi_2024.08.08__1,54,6,g5h6,-435,0.08477618575138976,-58,False,False
2025-08-20T05-00-23Z,Magnus Carlsen_vs_Arjun Erigaisi_2024.08.08__1,54,7,a5a4,-437,0.08309750480151934,-60,False,False
2025-08-20T05-00-23Z,Magnus Carlsen_vs_Arjun Erigaisi_2024.08.08__1,54,8,g5f6,-444,0.07747959992654148,-67,False,False
2025-08-20T05-00-23Z,Magnus Carlsen_vs_Arjun Erigaisi_2024.08.08__1,54,9,g5d8,-448,0.07444158135916816,-71,False,False
2025-08-20T05-00-23Z,Magnus Carlsen_vs_Arjun Erigaisi_2024.08.08__1,54,10,e5f3,-460,0.06602375984898923,-83,False,False
2025-08-20T05-00-23Z,Magnus Carlsen_vs_Arjun Erigaisi_2024.08.08__1,55,1,b7a8,437,0.23876145754790437,0,True,False
2025-08-20T05-00-23Z,Magnus Carlsen_vs_Arjun Erigaisi_2024.08.08__1,55,2,e2d3,435,0.23403366392524313,-2,False,False
2025-08-20T05-00-23Z,Magnus Carlsen_vs_Arjun Erigaisi_2024.08.08__1,55,3,c7c8,404,0.17165127845998776,-33,False,False
2025-08-20T05-00-23Z,Magnus Carlsen_vs_Arjun Erigaisi_2024.08.08__1,55,4,f1c1,322,0.07560065657020242,-115,False,False
2025-08-20T05-00-23Z,Magnus Carlsen_vs_Arjun Erigaisi_2024.08.08__1,55,5,e2f3,310,0.06705176734134775,-127,False,True
2025-08-20T05-00-23Z,Magnus Carlsen_vs_Arjun Erigaisi_2024.08.08__1,55,6,c7c5,285,0.05221996891176328,-152,False,False
2025-08-20T05-00-23Z,Magnus Carlsen_vs_Arjun Erigaisi_2024.08.08__1,55,7,b7c8,285,0.05221996891176328,-152,False,False
2025-08-20T05-00-23Z,Magnus Carlsen_vs_Arjun Erigaisi_2024.08.08__1,55,8,b7b8,284,0.05170037153947795,-153,False,False
2025-08-20T05-00-23Z,Magnus Carlsen_vs_Arjun Erigaisi_2024.08.08__1,55,9,b7b2,240,0.03329692225495408,-197,False,False
2025-08-20T05-00-23Z,Magnus Carlsen_vs_Arjun Erigaisi_2024.08.08__1,55,10,a2a3,205,0.023463944537356105,-232,False,False
2025-08-20T05-00-23Z,Magnus Carlsen_vs_Arjun Erigaisi_2024.08.08__1,56,1,g5f5,-243,0.3726052736863661,0,True,True
2025-08-20T05-00-23Z,Magnus Carlsen_vs_Arjun Erigaisi_2024.08.08__1,56,2,g5d2,-328,0.15925705769639484,-85,False,False
2025-08-20T05-00-23Z,Magnus Carlsen_vs_Arjun Erigaisi_2024.08.08__1,56,3,g5h5,-390,0.08567144833546976,-147,False,False
2025-08-20T05-00-23Z,Magnus Carlsen_vs_Arjun Erigaisi_2024.08.08__1,56,4,g5h6,-414,0.06739154815860433,-171,False,False
2025-08-20T05-00-23Z,Magnus Carlsen_vs_Arjun Erigaisi_2024.08.08__1,56,5,e5g6,-416,0.06605710609715225,-173,False,False
2025-08-20T05-00-23Z,Magnus Carlsen_vs_Arjun Erigaisi_2024.08.08__1,56,6,a5a4,-437,0.0535448495367328,-194,False,False
2025-08-20T05-00-23Z,Magnus Carlsen_vs_Arjun Erigaisi_2024.08.08__1,56,7,h8g8,-440,0.05196236007744925,-197,False,False
2025-08-20T05-00-23Z,Magnus Carlsen_vs_Arjun Erigaisi_2024.08.08__1,56,8,d3g6,-440,0.05196236007744925,-197,False,False
2025-08-20T05-00-23Z,Magnus Carlsen_vs_Arjun Erigaisi_2024.08.08__1,56,9,d3f5,-445,0.04942812587217093,-202,False,False
2025-08-20T05-00-23Z,Magnus Carlsen_vs_Arjun Erigaisi_2024.08.08__1,56,10,h8h7,-461,0.04211987046221055,-218,False,False
2025-08-20T05-00-23Z,Magnus Carlsen_vs_Arjun Erigaisi_2024.08.08__1,57,1,f3f4,288,0.24642333498988436,0,True,True
2025-08-20T05-00-23Z,Magnus Carlsen_vs_Arjun Erigaisi_2024.08.08__1,57,2,b7a8,273,0.21209853000305753,-15,False,False
2025-08-20T05-00-23Z,Magnus Carlsen_vs_Arjun Erigaisi_2024.08.08__1,57,3,c7c8,255,0.17715958399567394,-33,False,False
2025-08-20T05-00-23Z,Magnus Carlsen_vs_Arjun Erigaisi_2024.08.08__1,57,4,f1c1,225,0.1312430477923885,-63,False,False
2025-08-20T05-00-23Z,Magnus Carlsen_vs_Arjun Erigaisi_2024.08.08__1,57,5,g1g2,173,0.07802668869080921,-115,False,False
2025-08-20T05-00-23Z,Magnus Carlsen_vs_Arjun Erigaisi_2024.08.08__1,57,6,b7b2,122,0.046854681588191956,-166,False,False
2025-08-20T05-00-23Z,Magnus Carlsen_vs_Arjun Erigaisi_2024.08.08__1,57,7,b7b8,75,0.02928428227228367,-213,False,False
2025-08-20T05-00-23Z,Magnus Carlsen_vs_Arjun Erigaisi_2024.08.08__1,57,8,c7g7,72,0.02841880093431144,-216,False,False
2025-08-20T05-00-23Z,Magnus Carlsen_vs_Arjun Erigaisi_2024.08.08__1,57,9,g1h1,71,0.02813602914036575,-217,False,False
2025-08-20T05-00-23Z,Magnus Carlsen_vs_Arjun Erigaisi_2024.08.08__1,57,10,c7c3,48,0.02235502059303358,-240,False,False
2025-08-20T05-00-23Z,Magnus Carlsen_vs_Arjun Erigaisi_2024.08.08__1,58,1,d3f1,-413,0.2230122224681378,0,True,False
2025-08-20T05-00-23Z,Magnus Carlsen_vs_Arjun Erigaisi_2024.08.08__1,58,2,h8h7,-431,0.186275466208259,-18,False,False
2025-08-20T05-00-23Z,Magnus Carlsen_vs_Arjun Erigaisi_2024.08.08__1,58,3,e5c4,-454,0.14800211722443612,-41,False,False
2025-08-20T05-00-23Z,Magnus Carlsen_vs_Arjun Erigaisi_2024.08.08__1,58,4,a5a4,-504,0.08976782179900375,-91,False,False
2025-08-20T05-00-23Z,Magnus Carlsen_vs_Arjun Erigaisi_2024.08.08__1,58,5,e5g4,-522,0.07498038749198328,-109,False,False
2025-08-20T05-00-23Z,Magnus Carlsen_vs_Arjun Erigaisi_2024.08.08__1,58,6,f5g6,-535,0.06583993566536368,-122,False,False
2025-08-20T05-00-23Z,Magnus Carlsen_vs_Arjun Erigaisi_2024.08.08__1,58,7,f5f7,-544,0.060173170440827234,-131,False,False
2025-08-20T05-00-23Z,Magnus Carlsen_vs_Arjun Erigaisi_2024.08.08__1,58,8,f5h3,-549,0.057238490288811485,-136,False,False
2025-08-20T05-00-23Z,Magnus Carlsen_vs_Arjun Erigaisi_2024.08.08__1,58,9,e5f7,-565,0.0487754239894135,-152,False,False
2025-08-20T05-00-23Z,Magnus Carlsen_vs_Arjun Erigaisi_2024.08.08__1,58,10,d3c4,-571,0.045934964423764,-158,False,False
2025-08-20T05-00-23Z,Magnus Carlsen_vs_Arjun Erigaisi_2024.08.08__1,59,1,b7b8,586,0.7480072452593948,0,True,True
2025-08-20T05-00-23Z,Magnus Carlsen_vs_Arjun Erigaisi_2024.08.08__1,59,2,b7c8,359,0.07727825922570225,-227,False,False
2025-08-20T05-00-23Z,Magnus Carlsen_vs_Arjun Erigaisi_2024.08.08__1,59,3,f4e5,331,0.05840565189078669,-255,False,False
2025-08-20T05-00-23Z,Magnus Carlsen_vs_Arjun Erigaisi_2024.08.08__1,59,4,b7e4,313,0.04878450120243055,-273,False,False
2025-08-20T05-00-23Z,Magnus Carlsen_vs_Arjun Erigaisi_2024.08.08__1,59,5,c7c8,293,0.03994137140799969,-293,False,False
2025-08-20T05-00-23Z,Magnus Carlsen_vs_Arjun Erigaisi_2024.08.08__1,59,6,b7b2,233,0.021920289390263473,-353,False,False
2025-08-20T05-00-23Z,Magnus Carlsen_vs_Arjun Erigaisi_2024.08.08__1,59,7,c7f7,9,0.002333601224047853,-577,False,False
2025-08-20T05-00-23Z,Magnus Carlsen_vs_Arjun Erigaisi_2024.08.08__1,59,8,b7b6,0,0.0021327509326444435,-586,False,False
2025-08-20T05-00-23Z,Magnus Carlsen_vs_Arjun Erigaisi_2024.08.08__1,59,9,c7c6,-103,0.0007614069281144068,-689,False,False
2025-08-20T05-00-23Z,Magnus Carlsen_vs_Arjun Erigaisi_2024.08.08__1,59,10,f1b1,-159,0.0004349225386162324,-745,False,False
2025-08-20T05-00-23Z,Magnus Carlsen_vs_Arjun Erigaisi_2024.08.08__1,60,1,h8h7,-604,0.9809228026847419,0,True,True
2025-08-20T05-00-23Z,Magnus Carlsen_vs_Arjun Erigaisi_2024.08.08__1,60,2,f5f8,-998,0.019077197315258154,-394,False,False
2025-08-20T05-00-23Z,Magnus Carlsen_vs_Arjun Erigaisi_2024.08.08__1,61,1,c7g7,605,0.8503586679482403,0,True,True
2025-08-20T05-00-23Z,Magnus Carlsen_vs_Arjun Erigaisi_2024.08.08__1,61,2,f2f3,325,0.051710363851829436,-280,False,False
2025-08-20T05-00-23Z,Magnus Carlsen_vs_Arjun Erigaisi_2024.08.08__1,61,3,c7c3,284,0.034317595904906684,-321,False,False
2025-08-20T05-00-23Z,Magnus Carlsen_vs_Arjun Erigaisi_2024.08.08__1,61,4,b8b2,252,0.024919689221032035,-353,False,False
2025-08-20T05-00-23Z,Magnus Carlsen_vs_Arjun Erigaisi_2024.08.08__1,61,5,c7c8,231,0.020199507497041653,-374,False,False
2025-08-20T05-00-23Z,Magnus Carlsen_vs_Arjun Erigaisi_2024.08.08__1,61,6,f1d1,113,0.006206879184055051,-492,False,False
2025-08-20T05-00-23Z,Magnus Carlsen_vs_Arjun Erigaisi_2024.08.08__1,61,7,f1c1,108,0.005904166114194149,-497,False,False
2025-08-20T05-00-23Z,Magnus Carlsen_vs_Arjun Erigaisi_2024.08.08__1,61,8,f1b1,16,0.0023529226182323346,-589,False,False
2025-08-20T05-00-23Z,Magnus Carlsen_vs_Arjun Erigaisi_2024.08.08__1,61,9,b8a7,1,0.0020251792654235007,-604,False,False
2025-08-20T05-00-23Z,Magnus Carlsen_vs_Arjun Erigaisi_2024.08.08__1,61,10,b8b6,0,0.0020050283950447997,-605,False,False
